Car,Horsepower,Price,Image
Hennessey Venom F5,1600,$1.6M,https://autowise.com/wp-content/uploads/2018/06/Hennessey-Venom-F5-15.jpg
Koenigsegg Regera,1500,$2M,https://autowise.com/wp-content/uploads/2018/06/Regera_front_banner2.jpg
Bugatti Chiron,1479, $3.4M,https://assets.bugatti.com/fileadmin/_processed_/sei/p54/se-image-204c6caaa086fafe35dc6199ebe10880.jpg
NIO EP9,1341,1.48M,https://upload.wikimedia.org/wikipedia/commons/5/52/Nio_EP9.jpg
Rimac Concept One,1224,$1M,https://spectrum.ieee.org/image/MzAzNzYxMg.jpeg
Aston Martin Valkyrie,1130,$3.2M,https://upload.wikimedia.org/wikipedia/commons/thumb/e/ec/Aston_Martin_Valkyrie_Verification_Prototype_001_Genf_2019_1Y7A5569.jpg/1920px-Aston_Martin_Valkyrie_Verification_Prototype_001_Genf_2019_1Y7A5569.jpg
McLaren P1 LM,986,$3.7M,https://149360534.v2.pressablecdn.com/wp-content/uploads/2017/04/P1-LM-rumor-ring-lap-record.jpg
Ferrari LaFerrari,950,$1M,https://s.aolcdn.com/dims-global/dims3/GLOB/legacy_thumbnail/640x400/quality/80/https://s.aolcdn.com/commerce/autodata/images/O5FRGEB1.jpg