{
 "cells": [
  {
   "cell_type": "code",
   "execution_count": null,
   "metadata": {},
   "outputs": [],
   "source": [
    "#Create a DataFrame using a List"
   ]
  },
  {
   "cell_type": "code",
   "execution_count": 64,
   "metadata": {},
   "outputs": [
    {
     "name": "stdout",
     "output_type": "stream",
     "text": [
      "          0\n",
      "0     Alice\n",
      "1       Bob\n",
      "2  Caroline\n",
      "3     David\n"
     ]
    }
   ],
   "source": [
    "# import pandas as pd\n",
    "import pandas as pd\n",
    "\n",
    "#list of strings\n",
    "stringList= ['Alice', 'Bob', 'Caroline', 'David']\n",
    "\n",
    "#calling DataFrame constructor on stringList\n",
    "df = pd.DataFrame(stringList)\n",
    "print(df)"
   ]
  },
  {
   "cell_type": "code",
   "execution_count": null,
   "metadata": {},
   "outputs": [],
   "source": [
    "#Create DataFrame dictionary narray/lists"
   ]
  },
  {
   "cell_type": "code",
   "execution_count": 65,
   "metadata": {},
   "outputs": [
    {
     "name": "stdout",
     "output_type": "stream",
     "text": [
      "       Name  Age\n",
      "0     Alice    1\n",
      "1       Bob    5\n",
      "2  Caroline    2\n",
      "3     David    7\n"
     ]
    }
   ],
   "source": [
    "#create data of lists\n",
    "data = {'Name':['Alice', 'Bob', 'Caroline', 'David'],\n",
    "        'Age':[1, 5, 2, 7]}\n",
    "\n",
    "#create DataFrame\n",
    "df = pd.DataFrame(data)\n",
    "print(df)"
   ]
  },
  {
   "cell_type": "code",
   "execution_count": null,
   "metadata": {},
   "outputs": [],
   "source": [
    "#Create DataFrame from Numpy Array"
   ]
  },
  {
   "cell_type": "code",
   "execution_count": 66,
   "metadata": {},
   "outputs": [
    {
     "name": "stdout",
     "output_type": "stream",
     "text": [
      "[['' 'Year' 'GPA']\n",
      " ['Row1' '3' '3.75']\n",
      " ['Row2' '4' '3.9']\n",
      " ['Row3' '1' '3.0']]\n",
      "     Year   GPA\n",
      "Row1    3  3.75\n",
      "Row2    4   3.9\n",
      "Row3    1   3.0\n"
     ]
    }
   ],
   "source": [
    "import numpy as np\n",
    "\n",
    "#Create 2 dimensional numpy array\n",
    "numpyArray = np.array([['','Year','GPA'],\n",
    "                ['Row1',3,3.75],\n",
    "                ['Row2',4,3.9],\n",
    "                ['Row3',1,3.0]])\n",
    "\n",
    "print(numpyArray)\n",
    "\n",
    "print(pd.DataFrame(data=numpyArray[1:,1:],\n",
    "                  index=numpyArray[1:,0],\n",
    "                  columns=numpyArray[0,1:]))\n"
   ]
  },
  {
   "cell_type": "code",
   "execution_count": null,
   "metadata": {},
   "outputs": [],
   "source": [
    "#Select specific column/columns"
   ]
  },
  {
   "cell_type": "code",
   "execution_count": 67,
   "metadata": {},
   "outputs": [
    {
     "name": "stdout",
     "output_type": "stream",
     "text": [
      "       Name Animal Type\n",
      "0     Alice         Cat\n",
      "1       Bob         Dog\n",
      "2  Caroline      Rabbit\n",
      "3     David         Dog\n"
     ]
    }
   ],
   "source": [
    "data = {'Name':['Alice', 'Bob', 'Caroline', 'David'],\n",
    "        'Age':[30, 35, 2, 7],\n",
    "        'Animal Type':['Cat', 'Dog', 'Rabbit', 'Dog']}\n",
    "\n",
    "#create DataFrame\n",
    "df = pd.DataFrame(data)\n",
    "\n",
    "#print Name column and Animal Type column\n",
    "print(df[['Name', 'Animal Type']])"
   ]
  },
  {
   "cell_type": "code",
   "execution_count": null,
   "metadata": {},
   "outputs": [],
   "source": [
    "#Account for missing values in DataFrame"
   ]
  },
  {
   "cell_type": "code",
   "execution_count": 68,
   "metadata": {},
   "outputs": [
    {
     "data": {
      "text/html": [
       "<div>\n",
       "<style scoped>\n",
       "    .dataframe tbody tr th:only-of-type {\n",
       "        vertical-align: middle;\n",
       "    }\n",
       "\n",
       "    .dataframe tbody tr th {\n",
       "        vertical-align: top;\n",
       "    }\n",
       "\n",
       "    .dataframe thead th {\n",
       "        text-align: right;\n",
       "    }\n",
       "</style>\n",
       "<table border=\"1\" class=\"dataframe\">\n",
       "  <thead>\n",
       "    <tr style=\"text-align: right;\">\n",
       "      <th></th>\n",
       "      <th>PID</th>\n",
       "      <th>ST_NUM</th>\n",
       "      <th>ST_NAME</th>\n",
       "      <th>OWN_OCCUPIED</th>\n",
       "      <th>NUM_BEDROOMS</th>\n",
       "      <th>NUM_BATH</th>\n",
       "      <th>SQ_FT</th>\n",
       "    </tr>\n",
       "  </thead>\n",
       "  <tbody>\n",
       "    <tr>\n",
       "      <th>0</th>\n",
       "      <td>100001000.0</td>\n",
       "      <td>104.0</td>\n",
       "      <td>PUTNAM</td>\n",
       "      <td>Y</td>\n",
       "      <td>3.0</td>\n",
       "      <td>1.0</td>\n",
       "      <td>1000.0</td>\n",
       "    </tr>\n",
       "    <tr>\n",
       "      <th>1</th>\n",
       "      <td>100002000.0</td>\n",
       "      <td>197.0</td>\n",
       "      <td>LEXINGTON</td>\n",
       "      <td>N</td>\n",
       "      <td>3.0</td>\n",
       "      <td>1.5</td>\n",
       "      <td>NaN</td>\n",
       "    </tr>\n",
       "    <tr>\n",
       "      <th>2</th>\n",
       "      <td>100003000.0</td>\n",
       "      <td>201.0</td>\n",
       "      <td>LEXINGTON</td>\n",
       "      <td>NaN</td>\n",
       "      <td>NaN</td>\n",
       "      <td>1.0</td>\n",
       "      <td>850.0</td>\n",
       "    </tr>\n",
       "    <tr>\n",
       "      <th>3</th>\n",
       "      <td>100004000.0</td>\n",
       "      <td>203.0</td>\n",
       "      <td>BERKELEY</td>\n",
       "      <td>Y</td>\n",
       "      <td>1.0</td>\n",
       "      <td>NaN</td>\n",
       "      <td>700.0</td>\n",
       "    </tr>\n",
       "    <tr>\n",
       "      <th>4</th>\n",
       "      <td>NaN</td>\n",
       "      <td>NaN</td>\n",
       "      <td>BERKELEY</td>\n",
       "      <td>Y</td>\n",
       "      <td>3.0</td>\n",
       "      <td>2.0</td>\n",
       "      <td>1600.0</td>\n",
       "    </tr>\n",
       "  </tbody>\n",
       "</table>\n",
       "</div>"
      ],
      "text/plain": [
       "           PID  ST_NUM    ST_NAME OWN_OCCUPIED  NUM_BEDROOMS  NUM_BATH   SQ_FT\n",
       "0  100001000.0   104.0     PUTNAM            Y           3.0       1.0  1000.0\n",
       "1  100002000.0   197.0  LEXINGTON            N           3.0       1.5     NaN\n",
       "2  100003000.0   201.0  LEXINGTON          NaN           NaN       1.0   850.0\n",
       "3  100004000.0   203.0   BERKELEY            Y           1.0       NaN   700.0\n",
       "4          NaN     NaN   BERKELEY            Y           3.0       2.0  1600.0"
      ]
     },
     "execution_count": 68,
     "metadata": {},
     "output_type": "execute_result"
    }
   ],
   "source": [
    "data = {'PID':[100001000, 100002000, 100003000, 100004000,np.nan],\n",
    "        'ST_NUM':[104, 197, 201, 203, np.nan],\n",
    "        'ST_NAME':['PUTNAM', 'LEXINGTON', 'LEXINGTON', 'BERKELEY', 'BERKELEY'],\n",
    "        'OWN_OCCUPIED':['Y', 'N', np.nan, 'Y', 'Y'],\n",
    "        'NUM_BEDROOMS':[3, 3, np.nan, 1, 3],\n",
    "        'NUM_BATH':[1, 1.5, 1, np.nan, 2],\n",
    "        'SQ_FT':[1000, np.nan, 850, 700, 1600]}\n",
    "\n",
    "df=pd.DataFrame(data)\n",
    "\n",
    "df.head()\n",
    "\n"
   ]
  },
  {
   "cell_type": "code",
   "execution_count": 69,
   "metadata": {},
   "outputs": [
    {
     "data": {
      "text/html": [
       "<div>\n",
       "<style scoped>\n",
       "    .dataframe tbody tr th:only-of-type {\n",
       "        vertical-align: middle;\n",
       "    }\n",
       "\n",
       "    .dataframe tbody tr th {\n",
       "        vertical-align: top;\n",
       "    }\n",
       "\n",
       "    .dataframe thead th {\n",
       "        text-align: right;\n",
       "    }\n",
       "</style>\n",
       "<table border=\"1\" class=\"dataframe\">\n",
       "  <thead>\n",
       "    <tr style=\"text-align: right;\">\n",
       "      <th></th>\n",
       "      <th>PID</th>\n",
       "      <th>ST_NUM</th>\n",
       "      <th>ST_NAME</th>\n",
       "      <th>OWN_OCCUPIED</th>\n",
       "      <th>NUM_BEDROOMS</th>\n",
       "      <th>NUM_BATH</th>\n",
       "      <th>SQ_FT</th>\n",
       "    </tr>\n",
       "  </thead>\n",
       "  <tbody>\n",
       "    <tr>\n",
       "      <th>0</th>\n",
       "      <td>100001000.0</td>\n",
       "      <td>104.0</td>\n",
       "      <td>PUTNAM</td>\n",
       "      <td>Y</td>\n",
       "      <td>3.0</td>\n",
       "      <td>1.0</td>\n",
       "      <td>1000.0</td>\n",
       "    </tr>\n",
       "  </tbody>\n",
       "</table>\n",
       "</div>"
      ],
      "text/plain": [
       "           PID  ST_NUM ST_NAME OWN_OCCUPIED  NUM_BEDROOMS  NUM_BATH   SQ_FT\n",
       "0  100001000.0   104.0  PUTNAM            Y           3.0       1.0  1000.0"
      ]
     },
     "execution_count": 69,
     "metadata": {},
     "output_type": "execute_result"
    }
   ],
   "source": [
    "#Drop rows with missing values\n",
    "df.dropna()"
   ]
  },
  {
   "cell_type": "code",
   "execution_count": 70,
   "metadata": {},
   "outputs": [
    {
     "data": {
      "text/html": [
       "<div>\n",
       "<style scoped>\n",
       "    .dataframe tbody tr th:only-of-type {\n",
       "        vertical-align: middle;\n",
       "    }\n",
       "\n",
       "    .dataframe tbody tr th {\n",
       "        vertical-align: top;\n",
       "    }\n",
       "\n",
       "    .dataframe thead th {\n",
       "        text-align: right;\n",
       "    }\n",
       "</style>\n",
       "<table border=\"1\" class=\"dataframe\">\n",
       "  <thead>\n",
       "    <tr style=\"text-align: right;\">\n",
       "      <th></th>\n",
       "      <th>PID</th>\n",
       "      <th>ST_NUM</th>\n",
       "      <th>ST_NAME</th>\n",
       "      <th>OWN_OCCUPIED</th>\n",
       "      <th>NUM_BEDROOMS</th>\n",
       "      <th>NUM_BATH</th>\n",
       "      <th>SQ_FT</th>\n",
       "    </tr>\n",
       "  </thead>\n",
       "  <tbody>\n",
       "    <tr>\n",
       "      <th>0</th>\n",
       "      <td>100001000.0</td>\n",
       "      <td>104.0</td>\n",
       "      <td>PUTNAM</td>\n",
       "      <td>Y</td>\n",
       "      <td>3.0</td>\n",
       "      <td>1.0</td>\n",
       "      <td>1000.0</td>\n",
       "    </tr>\n",
       "    <tr>\n",
       "      <th>1</th>\n",
       "      <td>100002000.0</td>\n",
       "      <td>197.0</td>\n",
       "      <td>LEXINGTON</td>\n",
       "      <td>N</td>\n",
       "      <td>3.0</td>\n",
       "      <td>1.5</td>\n",
       "      <td>1.0</td>\n",
       "    </tr>\n",
       "    <tr>\n",
       "      <th>2</th>\n",
       "      <td>100003000.0</td>\n",
       "      <td>201.0</td>\n",
       "      <td>LEXINGTON</td>\n",
       "      <td>1</td>\n",
       "      <td>1.0</td>\n",
       "      <td>1.0</td>\n",
       "      <td>850.0</td>\n",
       "    </tr>\n",
       "    <tr>\n",
       "      <th>3</th>\n",
       "      <td>100004000.0</td>\n",
       "      <td>203.0</td>\n",
       "      <td>BERKELEY</td>\n",
       "      <td>Y</td>\n",
       "      <td>1.0</td>\n",
       "      <td>1.0</td>\n",
       "      <td>700.0</td>\n",
       "    </tr>\n",
       "    <tr>\n",
       "      <th>4</th>\n",
       "      <td>1.0</td>\n",
       "      <td>1.0</td>\n",
       "      <td>BERKELEY</td>\n",
       "      <td>Y</td>\n",
       "      <td>3.0</td>\n",
       "      <td>2.0</td>\n",
       "      <td>1600.0</td>\n",
       "    </tr>\n",
       "  </tbody>\n",
       "</table>\n",
       "</div>"
      ],
      "text/plain": [
       "           PID  ST_NUM    ST_NAME OWN_OCCUPIED  NUM_BEDROOMS  NUM_BATH   SQ_FT\n",
       "0  100001000.0   104.0     PUTNAM            Y           3.0       1.0  1000.0\n",
       "1  100002000.0   197.0  LEXINGTON            N           3.0       1.5     1.0\n",
       "2  100003000.0   201.0  LEXINGTON            1           1.0       1.0   850.0\n",
       "3  100004000.0   203.0   BERKELEY            Y           1.0       1.0   700.0\n",
       "4          1.0     1.0   BERKELEY            Y           3.0       2.0  1600.0"
      ]
     },
     "execution_count": 70,
     "metadata": {},
     "output_type": "execute_result"
    }
   ],
   "source": [
    "#Fill NaN values, input 1\n",
    "df.fillna(1)"
   ]
  },
  {
   "cell_type": "code",
   "execution_count": 71,
   "metadata": {},
   "outputs": [
    {
     "data": {
      "text/html": [
       "<div>\n",
       "<style scoped>\n",
       "    .dataframe tbody tr th:only-of-type {\n",
       "        vertical-align: middle;\n",
       "    }\n",
       "\n",
       "    .dataframe tbody tr th {\n",
       "        vertical-align: top;\n",
       "    }\n",
       "\n",
       "    .dataframe thead th {\n",
       "        text-align: right;\n",
       "    }\n",
       "</style>\n",
       "<table border=\"1\" class=\"dataframe\">\n",
       "  <thead>\n",
       "    <tr style=\"text-align: right;\">\n",
       "      <th></th>\n",
       "      <th>PID</th>\n",
       "      <th>ST_NUM</th>\n",
       "      <th>ST_NAME</th>\n",
       "      <th>OWN_OCCUPIED</th>\n",
       "      <th>NUM_BEDROOMS</th>\n",
       "      <th>NUM_BATH</th>\n",
       "      <th>SQ_FT</th>\n",
       "    </tr>\n",
       "  </thead>\n",
       "  <tbody>\n",
       "    <tr>\n",
       "      <th>0</th>\n",
       "      <td>100001000.0</td>\n",
       "      <td>104.0</td>\n",
       "      <td>PUTNAM</td>\n",
       "      <td>Y</td>\n",
       "      <td>2.5</td>\n",
       "      <td>1.0</td>\n",
       "      <td>1000.0</td>\n",
       "    </tr>\n",
       "    <tr>\n",
       "      <th>1</th>\n",
       "      <td>100002000.0</td>\n",
       "      <td>197.0</td>\n",
       "      <td>LEXINGTON</td>\n",
       "      <td>N</td>\n",
       "      <td>2.5</td>\n",
       "      <td>1.5</td>\n",
       "      <td>NaN</td>\n",
       "    </tr>\n",
       "    <tr>\n",
       "      <th>2</th>\n",
       "      <td>100003000.0</td>\n",
       "      <td>201.0</td>\n",
       "      <td>LEXINGTON</td>\n",
       "      <td>NaN</td>\n",
       "      <td>NaN</td>\n",
       "      <td>1.0</td>\n",
       "      <td>850.0</td>\n",
       "    </tr>\n",
       "    <tr>\n",
       "      <th>3</th>\n",
       "      <td>100004000.0</td>\n",
       "      <td>203.0</td>\n",
       "      <td>BERKELEY</td>\n",
       "      <td>Y</td>\n",
       "      <td>1.0</td>\n",
       "      <td>NaN</td>\n",
       "      <td>700.0</td>\n",
       "    </tr>\n",
       "    <tr>\n",
       "      <th>4</th>\n",
       "      <td>NaN</td>\n",
       "      <td>NaN</td>\n",
       "      <td>BERKELEY</td>\n",
       "      <td>Y</td>\n",
       "      <td>2.5</td>\n",
       "      <td>2.0</td>\n",
       "      <td>1600.0</td>\n",
       "    </tr>\n",
       "  </tbody>\n",
       "</table>\n",
       "</div>"
      ],
      "text/plain": [
       "           PID  ST_NUM    ST_NAME OWN_OCCUPIED  NUM_BEDROOMS  NUM_BATH   SQ_FT\n",
       "0  100001000.0   104.0     PUTNAM            Y           2.5       1.0  1000.0\n",
       "1  100002000.0   197.0  LEXINGTON            N           2.5       1.5     NaN\n",
       "2  100003000.0   201.0  LEXINGTON          NaN           NaN       1.0   850.0\n",
       "3  100004000.0   203.0   BERKELEY            Y           1.0       NaN   700.0\n",
       "4          NaN     NaN   BERKELEY            Y           2.5       2.0  1600.0"
      ]
     },
     "execution_count": 71,
     "metadata": {},
     "output_type": "execute_result"
    }
   ],
   "source": [
    "#Replace 3.0 with 2.5\n",
    "df.replace(3.0,2.5)"
   ]
  },
  {
   "cell_type": "code",
   "execution_count": 72,
   "metadata": {},
   "outputs": [
    {
     "data": {
      "text/html": [
       "<div>\n",
       "<style scoped>\n",
       "    .dataframe tbody tr th:only-of-type {\n",
       "        vertical-align: middle;\n",
       "    }\n",
       "\n",
       "    .dataframe tbody tr th {\n",
       "        vertical-align: top;\n",
       "    }\n",
       "\n",
       "    .dataframe thead th {\n",
       "        text-align: right;\n",
       "    }\n",
       "</style>\n",
       "<table border=\"1\" class=\"dataframe\">\n",
       "  <thead>\n",
       "    <tr style=\"text-align: right;\">\n",
       "      <th></th>\n",
       "      <th>PID</th>\n",
       "      <th>ST_NUM</th>\n",
       "      <th>ST_NAME</th>\n",
       "      <th>OWN_OCCUPIED</th>\n",
       "      <th>NUM_BEDROOMS</th>\n",
       "      <th>NUM_BATH</th>\n",
       "      <th>SQ_FT</th>\n",
       "    </tr>\n",
       "  </thead>\n",
       "  <tbody>\n",
       "    <tr>\n",
       "      <th>0</th>\n",
       "      <td>100001000.0</td>\n",
       "      <td>104.0</td>\n",
       "      <td>PUTNAM</td>\n",
       "      <td>Y</td>\n",
       "      <td>3.0</td>\n",
       "      <td>1.0</td>\n",
       "      <td>1000.0</td>\n",
       "    </tr>\n",
       "    <tr>\n",
       "      <th>1</th>\n",
       "      <td>100002000.0</td>\n",
       "      <td>197.0</td>\n",
       "      <td>LEXINGTON</td>\n",
       "      <td>N</td>\n",
       "      <td>3.0</td>\n",
       "      <td>1.5</td>\n",
       "      <td>925.0</td>\n",
       "    </tr>\n",
       "    <tr>\n",
       "      <th>2</th>\n",
       "      <td>100003000.0</td>\n",
       "      <td>201.0</td>\n",
       "      <td>LEXINGTON</td>\n",
       "      <td>NaN</td>\n",
       "      <td>2.0</td>\n",
       "      <td>1.0</td>\n",
       "      <td>850.0</td>\n",
       "    </tr>\n",
       "    <tr>\n",
       "      <th>3</th>\n",
       "      <td>100004000.0</td>\n",
       "      <td>203.0</td>\n",
       "      <td>BERKELEY</td>\n",
       "      <td>Y</td>\n",
       "      <td>1.0</td>\n",
       "      <td>1.5</td>\n",
       "      <td>700.0</td>\n",
       "    </tr>\n",
       "    <tr>\n",
       "      <th>4</th>\n",
       "      <td>100004000.0</td>\n",
       "      <td>203.0</td>\n",
       "      <td>BERKELEY</td>\n",
       "      <td>Y</td>\n",
       "      <td>3.0</td>\n",
       "      <td>2.0</td>\n",
       "      <td>1600.0</td>\n",
       "    </tr>\n",
       "  </tbody>\n",
       "</table>\n",
       "</div>"
      ],
      "text/plain": [
       "           PID  ST_NUM    ST_NAME OWN_OCCUPIED  NUM_BEDROOMS  NUM_BATH   SQ_FT\n",
       "0  100001000.0   104.0     PUTNAM            Y           3.0       1.0  1000.0\n",
       "1  100002000.0   197.0  LEXINGTON            N           3.0       1.5   925.0\n",
       "2  100003000.0   201.0  LEXINGTON          NaN           2.0       1.0   850.0\n",
       "3  100004000.0   203.0   BERKELEY            Y           1.0       1.5   700.0\n",
       "4  100004000.0   203.0   BERKELEY            Y           3.0       2.0  1600.0"
      ]
     },
     "execution_count": 72,
     "metadata": {},
     "output_type": "execute_result"
    }
   ],
   "source": [
    "#Fill in missing values (NaN) using interpolation; default method is linear\n",
    "df.interpolate()"
   ]
  },
  {
   "cell_type": "code",
   "execution_count": null,
   "metadata": {},
   "outputs": [],
   "source": [
    "#Create dataframe from csv file"
   ]
  },
  {
   "cell_type": "code",
   "execution_count": 1,
   "metadata": {},
   "outputs": [],
   "source": [
    "import pandas as pd\n",
    "reviews = pd.read_csv(\"ign.csv\")"
   ]
  },
  {
   "cell_type": "code",
   "execution_count": 3,
   "metadata": {},
   "outputs": [
    {
     "data": {
      "text/html": [
       "<div>\n",
       "<style scoped>\n",
       "    .dataframe tbody tr th:only-of-type {\n",
       "        vertical-align: middle;\n",
       "    }\n",
       "\n",
       "    .dataframe tbody tr th {\n",
       "        vertical-align: top;\n",
       "    }\n",
       "\n",
       "    .dataframe thead th {\n",
       "        text-align: right;\n",
       "    }\n",
       "</style>\n",
       "<table border=\"1\" class=\"dataframe\">\n",
       "  <thead>\n",
       "    <tr style=\"text-align: right;\">\n",
       "      <th></th>\n",
       "      <th>Unnamed: 0</th>\n",
       "      <th>score_phrase</th>\n",
       "      <th>title</th>\n",
       "      <th>url</th>\n",
       "      <th>platform</th>\n",
       "      <th>score</th>\n",
       "      <th>genre</th>\n",
       "      <th>editors_choice</th>\n",
       "      <th>release_year</th>\n",
       "      <th>release_month</th>\n",
       "      <th>release_day</th>\n",
       "    </tr>\n",
       "  </thead>\n",
       "  <tbody>\n",
       "    <tr>\n",
       "      <th>0</th>\n",
       "      <td>0</td>\n",
       "      <td>Amazing</td>\n",
       "      <td>LittleBigPlanet PS Vita</td>\n",
       "      <td>/games/littlebigplanet-vita/vita-98907</td>\n",
       "      <td>PlayStation Vita</td>\n",
       "      <td>9.0</td>\n",
       "      <td>Platformer</td>\n",
       "      <td>Y</td>\n",
       "      <td>2012</td>\n",
       "      <td>9</td>\n",
       "      <td>12</td>\n",
       "    </tr>\n",
       "    <tr>\n",
       "      <th>1</th>\n",
       "      <td>1</td>\n",
       "      <td>Amazing</td>\n",
       "      <td>LittleBigPlanet PS Vita -- Marvel Super Hero E...</td>\n",
       "      <td>/games/littlebigplanet-ps-vita-marvel-super-he...</td>\n",
       "      <td>PlayStation Vita</td>\n",
       "      <td>9.0</td>\n",
       "      <td>Platformer</td>\n",
       "      <td>Y</td>\n",
       "      <td>2012</td>\n",
       "      <td>9</td>\n",
       "      <td>12</td>\n",
       "    </tr>\n",
       "    <tr>\n",
       "      <th>2</th>\n",
       "      <td>2</td>\n",
       "      <td>Great</td>\n",
       "      <td>Splice: Tree of Life</td>\n",
       "      <td>/games/splice/ipad-141070</td>\n",
       "      <td>iPad</td>\n",
       "      <td>8.5</td>\n",
       "      <td>Puzzle</td>\n",
       "      <td>N</td>\n",
       "      <td>2012</td>\n",
       "      <td>9</td>\n",
       "      <td>12</td>\n",
       "    </tr>\n",
       "    <tr>\n",
       "      <th>3</th>\n",
       "      <td>3</td>\n",
       "      <td>Great</td>\n",
       "      <td>NHL 13</td>\n",
       "      <td>/games/nhl-13/xbox-360-128182</td>\n",
       "      <td>Xbox 360</td>\n",
       "      <td>8.5</td>\n",
       "      <td>Sports</td>\n",
       "      <td>N</td>\n",
       "      <td>2012</td>\n",
       "      <td>9</td>\n",
       "      <td>11</td>\n",
       "    </tr>\n",
       "    <tr>\n",
       "      <th>4</th>\n",
       "      <td>4</td>\n",
       "      <td>Great</td>\n",
       "      <td>NHL 13</td>\n",
       "      <td>/games/nhl-13/ps3-128181</td>\n",
       "      <td>PlayStation 3</td>\n",
       "      <td>8.5</td>\n",
       "      <td>Sports</td>\n",
       "      <td>N</td>\n",
       "      <td>2012</td>\n",
       "      <td>9</td>\n",
       "      <td>11</td>\n",
       "    </tr>\n",
       "  </tbody>\n",
       "</table>\n",
       "</div>"
      ],
      "text/plain": [
       "   Unnamed: 0 score_phrase                                              title  \\\n",
       "0           0      Amazing                            LittleBigPlanet PS Vita   \n",
       "1           1      Amazing  LittleBigPlanet PS Vita -- Marvel Super Hero E...   \n",
       "2           2        Great                               Splice: Tree of Life   \n",
       "3           3        Great                                             NHL 13   \n",
       "4           4        Great                                             NHL 13   \n",
       "\n",
       "                                                 url          platform  score  \\\n",
       "0             /games/littlebigplanet-vita/vita-98907  PlayStation Vita    9.0   \n",
       "1  /games/littlebigplanet-ps-vita-marvel-super-he...  PlayStation Vita    9.0   \n",
       "2                          /games/splice/ipad-141070              iPad    8.5   \n",
       "3                      /games/nhl-13/xbox-360-128182          Xbox 360    8.5   \n",
       "4                           /games/nhl-13/ps3-128181     PlayStation 3    8.5   \n",
       "\n",
       "        genre editors_choice  release_year  release_month  release_day  \n",
       "0  Platformer              Y          2012              9           12  \n",
       "1  Platformer              Y          2012              9           12  \n",
       "2      Puzzle              N          2012              9           12  \n",
       "3      Sports              N          2012              9           11  \n",
       "4      Sports              N          2012              9           11  "
      ]
     },
     "execution_count": 3,
     "metadata": {},
     "output_type": "execute_result"
    }
   ],
   "source": [
    "reviews.head()"
   ]
  },
  {
   "cell_type": "code",
   "execution_count": 4,
   "metadata": {},
   "outputs": [
    {
     "data": {
      "text/plain": [
       "(18625, 11)"
      ]
     },
     "execution_count": 4,
     "metadata": {},
     "output_type": "execute_result"
    }
   ],
   "source": [
    "#Use shape property to see how many rows and columns the data has\n",
    "reviews.shape"
   ]
  },
  {
   "cell_type": "code",
   "execution_count": 7,
   "metadata": {},
   "outputs": [
    {
     "data": {
      "text/html": [
       "<div>\n",
       "<style scoped>\n",
       "    .dataframe tbody tr th:only-of-type {\n",
       "        vertical-align: middle;\n",
       "    }\n",
       "\n",
       "    .dataframe tbody tr th {\n",
       "        vertical-align: top;\n",
       "    }\n",
       "\n",
       "    .dataframe thead th {\n",
       "        text-align: right;\n",
       "    }\n",
       "</style>\n",
       "<table border=\"1\" class=\"dataframe\">\n",
       "  <thead>\n",
       "    <tr style=\"text-align: right;\">\n",
       "      <th></th>\n",
       "      <th>title</th>\n",
       "      <th>url</th>\n",
       "      <th>platform</th>\n",
       "      <th>score</th>\n",
       "      <th>genre</th>\n",
       "      <th>editors_choice</th>\n",
       "      <th>release_year</th>\n",
       "      <th>release_month</th>\n",
       "      <th>release_day</th>\n",
       "    </tr>\n",
       "  </thead>\n",
       "  <tbody>\n",
       "    <tr>\n",
       "      <th>10</th>\n",
       "      <td>Tekken Tag Tournament 2</td>\n",
       "      <td>/games/tekken-tag-tournament-2/ps3-124584</td>\n",
       "      <td>PlayStation 3</td>\n",
       "      <td>7.5</td>\n",
       "      <td>Fighting</td>\n",
       "      <td>N</td>\n",
       "      <td>2012</td>\n",
       "      <td>9</td>\n",
       "      <td>11</td>\n",
       "    </tr>\n",
       "    <tr>\n",
       "      <th>11</th>\n",
       "      <td>Tekken Tag Tournament 2</td>\n",
       "      <td>/games/tekken-tag-tournament-2/xbox-360-124581</td>\n",
       "      <td>Xbox 360</td>\n",
       "      <td>7.5</td>\n",
       "      <td>Fighting</td>\n",
       "      <td>N</td>\n",
       "      <td>2012</td>\n",
       "      <td>9</td>\n",
       "      <td>11</td>\n",
       "    </tr>\n",
       "    <tr>\n",
       "      <th>12</th>\n",
       "      <td>Wild Blood</td>\n",
       "      <td>/games/wild-blood/iphone-139363</td>\n",
       "      <td>iPhone</td>\n",
       "      <td>7.0</td>\n",
       "      <td>NaN</td>\n",
       "      <td>N</td>\n",
       "      <td>2012</td>\n",
       "      <td>9</td>\n",
       "      <td>10</td>\n",
       "    </tr>\n",
       "    <tr>\n",
       "      <th>13</th>\n",
       "      <td>Mark of the Ninja</td>\n",
       "      <td>/games/mark-of-the-ninja-135615/xbox-360-129276</td>\n",
       "      <td>Xbox 360</td>\n",
       "      <td>9.0</td>\n",
       "      <td>Action, Adventure</td>\n",
       "      <td>Y</td>\n",
       "      <td>2012</td>\n",
       "      <td>9</td>\n",
       "      <td>7</td>\n",
       "    </tr>\n",
       "    <tr>\n",
       "      <th>14</th>\n",
       "      <td>Mark of the Ninja</td>\n",
       "      <td>/games/mark-of-the-ninja-135615/pc-143761</td>\n",
       "      <td>PC</td>\n",
       "      <td>9.0</td>\n",
       "      <td>Action, Adventure</td>\n",
       "      <td>Y</td>\n",
       "      <td>2012</td>\n",
       "      <td>9</td>\n",
       "      <td>7</td>\n",
       "    </tr>\n",
       "  </tbody>\n",
       "</table>\n",
       "</div>"
      ],
      "text/plain": [
       "                      title                                              url  \\\n",
       "10  Tekken Tag Tournament 2        /games/tekken-tag-tournament-2/ps3-124584   \n",
       "11  Tekken Tag Tournament 2   /games/tekken-tag-tournament-2/xbox-360-124581   \n",
       "12               Wild Blood                  /games/wild-blood/iphone-139363   \n",
       "13        Mark of the Ninja  /games/mark-of-the-ninja-135615/xbox-360-129276   \n",
       "14        Mark of the Ninja        /games/mark-of-the-ninja-135615/pc-143761   \n",
       "\n",
       "         platform  score              genre editors_choice  release_year  \\\n",
       "10  PlayStation 3    7.5           Fighting              N          2012   \n",
       "11       Xbox 360    7.5           Fighting              N          2012   \n",
       "12         iPhone    7.0                NaN              N          2012   \n",
       "13       Xbox 360    9.0  Action, Adventure              Y          2012   \n",
       "14             PC    9.0  Action, Adventure              Y          2012   \n",
       "\n",
       "    release_month  release_day  \n",
       "10              9           11  \n",
       "11              9           11  \n",
       "12              9           10  \n",
       "13              9            7  \n",
       "14              9            7  "
      ]
     },
     "execution_count": 7,
     "metadata": {},
     "output_type": "execute_result"
    }
   ],
   "source": [
    "#Get rows 10-20\n",
    "some_reviews = reviews.iloc[10:20,]\n",
    "some_reviews.head()"
   ]
  },
  {
   "cell_type": "code",
   "execution_count": 8,
   "metadata": {},
   "outputs": [
    {
     "data": {
      "text/html": [
       "<div>\n",
       "<style scoped>\n",
       "    .dataframe tbody tr th:only-of-type {\n",
       "        vertical-align: middle;\n",
       "    }\n",
       "\n",
       "    .dataframe tbody tr th {\n",
       "        vertical-align: top;\n",
       "    }\n",
       "\n",
       "    .dataframe thead th {\n",
       "        text-align: right;\n",
       "    }\n",
       "</style>\n",
       "<table border=\"1\" class=\"dataframe\">\n",
       "  <thead>\n",
       "    <tr style=\"text-align: right;\">\n",
       "      <th></th>\n",
       "      <th>score</th>\n",
       "      <th>release_year</th>\n",
       "    </tr>\n",
       "  </thead>\n",
       "  <tbody>\n",
       "    <tr>\n",
       "      <th>0</th>\n",
       "      <td>9.0</td>\n",
       "      <td>2012</td>\n",
       "    </tr>\n",
       "    <tr>\n",
       "      <th>1</th>\n",
       "      <td>9.0</td>\n",
       "      <td>2012</td>\n",
       "    </tr>\n",
       "    <tr>\n",
       "      <th>2</th>\n",
       "      <td>8.5</td>\n",
       "      <td>2012</td>\n",
       "    </tr>\n",
       "    <tr>\n",
       "      <th>3</th>\n",
       "      <td>8.5</td>\n",
       "      <td>2012</td>\n",
       "    </tr>\n",
       "    <tr>\n",
       "      <th>4</th>\n",
       "      <td>8.5</td>\n",
       "      <td>2012</td>\n",
       "    </tr>\n",
       "    <tr>\n",
       "      <th>5</th>\n",
       "      <td>7.0</td>\n",
       "      <td>2012</td>\n",
       "    </tr>\n",
       "  </tbody>\n",
       "</table>\n",
       "</div>"
      ],
      "text/plain": [
       "   score  release_year\n",
       "0    9.0          2012\n",
       "1    9.0          2012\n",
       "2    8.5          2012\n",
       "3    8.5          2012\n",
       "4    8.5          2012\n",
       "5    7.0          2012"
      ]
     },
     "execution_count": 8,
     "metadata": {},
     "output_type": "execute_result"
    }
   ],
   "source": [
    "#Get first 5 rows' scores and release year\n",
    "reviews.loc[:5,[\"score\", \"release_year\"]]"
   ]
  },
  {
   "cell_type": "code",
   "execution_count": 9,
   "metadata": {},
   "outputs": [
    {
     "data": {
      "text/plain": [
       "0         9.0\n",
       "1         9.0\n",
       "2         8.5\n",
       "3         8.5\n",
       "4         8.5\n",
       "5         7.0\n",
       "6         3.0\n",
       "7         9.0\n",
       "8         3.0\n",
       "9         7.0\n",
       "10        7.5\n",
       "11        7.5\n",
       "12        7.0\n",
       "13        9.0\n",
       "14        9.0\n",
       "15        6.5\n",
       "16        6.5\n",
       "17        8.0\n",
       "18        5.5\n",
       "19        7.0\n",
       "20        7.0\n",
       "21        7.5\n",
       "22        7.5\n",
       "23        7.5\n",
       "24        9.0\n",
       "25        7.0\n",
       "26        9.0\n",
       "27        7.5\n",
       "28        8.0\n",
       "29        6.5\n",
       "         ... \n",
       "18595     4.4\n",
       "18596     6.5\n",
       "18597     4.9\n",
       "18598     6.8\n",
       "18599     7.0\n",
       "18600     7.4\n",
       "18601     7.4\n",
       "18602     7.4\n",
       "18603     7.8\n",
       "18604     8.6\n",
       "18605     6.0\n",
       "18606     6.4\n",
       "18607     7.0\n",
       "18608     5.4\n",
       "18609     8.0\n",
       "18610     6.0\n",
       "18611     5.8\n",
       "18612     7.8\n",
       "18613     8.0\n",
       "18614     9.2\n",
       "18615     9.2\n",
       "18616     7.5\n",
       "18617     8.4\n",
       "18618     9.1\n",
       "18619     7.9\n",
       "18620     7.6\n",
       "18621     9.0\n",
       "18622     5.8\n",
       "18623    10.0\n",
       "18624    10.0\n",
       "Name: score, Length: 18625, dtype: float64"
      ]
     },
     "execution_count": 9,
     "metadata": {},
     "output_type": "execute_result"
    }
   ],
   "source": [
    "#Retrieving one column is retrieving a Pandas Series Object\n",
    "reviews[\"score\"]"
   ]
  },
  {
   "cell_type": "code",
   "execution_count": 10,
   "metadata": {},
   "outputs": [
    {
     "data": {
      "text/plain": [
       "pandas.core.series.Series"
      ]
     },
     "execution_count": 10,
     "metadata": {},
     "output_type": "execute_result"
    }
   ],
   "source": [
    "#Verify score column is a series\n",
    "type(reviews[\"score\"])"
   ]
  },
  {
   "cell_type": "code",
   "execution_count": 11,
   "metadata": {},
   "outputs": [
    {
     "data": {
      "text/plain": [
       "0    9.0\n",
       "1    9.0\n",
       "2    8.5\n",
       "3    8.5\n",
       "4    8.5\n",
       "Name: score, dtype: float64"
      ]
     },
     "execution_count": 11,
     "metadata": {},
     "output_type": "execute_result"
    }
   ],
   "source": [
    "#Call Pandas method head on Series object\n",
    "reviews[\"score\"].head()"
   ]
  },
  {
   "cell_type": "code",
   "execution_count": 15,
   "metadata": {},
   "outputs": [
    {
     "data": {
      "text/plain": [
       "6.950459060402666"
      ]
     },
     "execution_count": 15,
     "metadata": {},
     "output_type": "execute_result"
    }
   ],
   "source": [
    "#Find mean of series\n",
    "reviews[\"score\"].mean()"
   ]
  },
  {
   "cell_type": "code",
   "execution_count": 16,
   "metadata": {},
   "outputs": [
    {
     "data": {
      "text/plain": [
       "score               6.950459\n",
       "release_year     2006.515329\n",
       "release_month       7.138470\n",
       "release_day        15.603866\n",
       "dtype: float64"
      ]
     },
     "execution_count": 16,
     "metadata": {},
     "output_type": "execute_result"
    }
   ],
   "source": [
    "#Find mean of each column in DataFrame\n",
    "reviews.mean()"
   ]
  },
  {
   "cell_type": "code",
   "execution_count": 17,
   "metadata": {},
   "outputs": [
    {
     "data": {
      "text/plain": [
       "0        510.500\n",
       "1        510.500\n",
       "2        510.375\n",
       "3        510.125\n",
       "4        510.125\n",
       "5        509.750\n",
       "6        508.750\n",
       "7        510.250\n",
       "8        508.750\n",
       "9        509.750\n",
       "10       509.875\n",
       "11       509.875\n",
       "12       509.500\n",
       "13       509.250\n",
       "14       509.250\n",
       "15       508.375\n",
       "16       508.375\n",
       "17       508.500\n",
       "18       507.375\n",
       "19       507.750\n",
       "20       507.750\n",
       "21       514.625\n",
       "22       514.625\n",
       "23       514.625\n",
       "24       515.000\n",
       "25       514.250\n",
       "26       514.750\n",
       "27       514.125\n",
       "28       514.250\n",
       "29       513.625\n",
       "          ...   \n",
       "18595    510.850\n",
       "18596    510.875\n",
       "18597    510.225\n",
       "18598    510.700\n",
       "18599    510.750\n",
       "18600    512.600\n",
       "18601    512.600\n",
       "18602    512.600\n",
       "18603    512.450\n",
       "18604    512.400\n",
       "18605    511.500\n",
       "18606    508.600\n",
       "18607    510.750\n",
       "18608    510.350\n",
       "18609    510.750\n",
       "18610    510.250\n",
       "18611    508.700\n",
       "18612    509.200\n",
       "18613    508.000\n",
       "18614    515.050\n",
       "18615    515.050\n",
       "18616    508.375\n",
       "18617    508.600\n",
       "18618    515.025\n",
       "18619    514.725\n",
       "18620    514.650\n",
       "18621    515.000\n",
       "18622    513.950\n",
       "18623    515.000\n",
       "18624    515.000\n",
       "Length: 18625, dtype: float64"
      ]
     },
     "execution_count": 17,
     "metadata": {},
     "output_type": "execute_result"
    }
   ],
   "source": [
    "#Compute mean of each row (change axis to 1)\n",
    "reviews.mean(axis=1)"
   ]
  },
  {
   "cell_type": "code",
   "execution_count": 18,
   "metadata": {},
   "outputs": [
    {
     "data": {
      "text/html": [
       "<div>\n",
       "<style scoped>\n",
       "    .dataframe tbody tr th:only-of-type {\n",
       "        vertical-align: middle;\n",
       "    }\n",
       "\n",
       "    .dataframe tbody tr th {\n",
       "        vertical-align: top;\n",
       "    }\n",
       "\n",
       "    .dataframe thead th {\n",
       "        text-align: right;\n",
       "    }\n",
       "</style>\n",
       "<table border=\"1\" class=\"dataframe\">\n",
       "  <thead>\n",
       "    <tr style=\"text-align: right;\">\n",
       "      <th></th>\n",
       "      <th>score</th>\n",
       "      <th>release_year</th>\n",
       "      <th>release_month</th>\n",
       "      <th>release_day</th>\n",
       "    </tr>\n",
       "  </thead>\n",
       "  <tbody>\n",
       "    <tr>\n",
       "      <th>score</th>\n",
       "      <td>1.000000</td>\n",
       "      <td>0.062716</td>\n",
       "      <td>0.007632</td>\n",
       "      <td>0.020079</td>\n",
       "    </tr>\n",
       "    <tr>\n",
       "      <th>release_year</th>\n",
       "      <td>0.062716</td>\n",
       "      <td>1.000000</td>\n",
       "      <td>-0.115515</td>\n",
       "      <td>0.016867</td>\n",
       "    </tr>\n",
       "    <tr>\n",
       "      <th>release_month</th>\n",
       "      <td>0.007632</td>\n",
       "      <td>-0.115515</td>\n",
       "      <td>1.000000</td>\n",
       "      <td>-0.067964</td>\n",
       "    </tr>\n",
       "    <tr>\n",
       "      <th>release_day</th>\n",
       "      <td>0.020079</td>\n",
       "      <td>0.016867</td>\n",
       "      <td>-0.067964</td>\n",
       "      <td>1.000000</td>\n",
       "    </tr>\n",
       "  </tbody>\n",
       "</table>\n",
       "</div>"
      ],
      "text/plain": [
       "                  score  release_year  release_month  release_day\n",
       "score          1.000000      0.062716       0.007632     0.020079\n",
       "release_year   0.062716      1.000000      -0.115515     0.016867\n",
       "release_month  0.007632     -0.115515       1.000000    -0.067964\n",
       "release_day    0.020079      0.016867      -0.067964     1.000000"
      ]
     },
     "execution_count": 18,
     "metadata": {},
     "output_type": "execute_result"
    }
   ],
   "source": [
    "#See if there's a correlation between the variables\n",
    "reviews.corr()"
   ]
  },
  {
   "cell_type": "code",
   "execution_count": 19,
   "metadata": {},
   "outputs": [
    {
     "data": {
      "text/plain": [
       "0        4.50\n",
       "1        4.50\n",
       "2        4.25\n",
       "3        4.25\n",
       "4        4.25\n",
       "5        3.50\n",
       "6        1.50\n",
       "7        4.50\n",
       "8        1.50\n",
       "9        3.50\n",
       "10       3.75\n",
       "11       3.75\n",
       "12       3.50\n",
       "13       4.50\n",
       "14       4.50\n",
       "15       3.25\n",
       "16       3.25\n",
       "17       4.00\n",
       "18       2.75\n",
       "19       3.50\n",
       "20       3.50\n",
       "21       3.75\n",
       "22       3.75\n",
       "23       3.75\n",
       "24       4.50\n",
       "25       3.50\n",
       "26       4.50\n",
       "27       3.75\n",
       "28       4.00\n",
       "29       3.25\n",
       "         ... \n",
       "18595    2.20\n",
       "18596    3.25\n",
       "18597    2.45\n",
       "18598    3.40\n",
       "18599    3.50\n",
       "18600    3.70\n",
       "18601    3.70\n",
       "18602    3.70\n",
       "18603    3.90\n",
       "18604    4.30\n",
       "18605    3.00\n",
       "18606    3.20\n",
       "18607    3.50\n",
       "18608    2.70\n",
       "18609    4.00\n",
       "18610    3.00\n",
       "18611    2.90\n",
       "18612    3.90\n",
       "18613    4.00\n",
       "18614    4.60\n",
       "18615    4.60\n",
       "18616    3.75\n",
       "18617    4.20\n",
       "18618    4.55\n",
       "18619    3.95\n",
       "18620    3.80\n",
       "18621    4.50\n",
       "18622    2.90\n",
       "18623    5.00\n",
       "18624    5.00\n",
       "Name: score, Length: 18625, dtype: float64"
      ]
     },
     "execution_count": 19,
     "metadata": {},
     "output_type": "execute_result"
    }
   ],
   "source": [
    "#Math Operations on DataFrames\n",
    "\n",
    "#Divide each score by 2\n",
    "reviews[\"score\"] / 2\n",
    "\n",
    "#Can also use +, -, *, and ^. It will apply to each element in DataFrame"
   ]
  },
  {
   "cell_type": "code",
   "execution_count": 22,
   "metadata": {},
   "outputs": [
    {
     "data": {
      "text/plain": [
       "0         True\n",
       "1         True\n",
       "2         True\n",
       "3         True\n",
       "4         True\n",
       "5         True\n",
       "6        False\n",
       "7         True\n",
       "8        False\n",
       "9         True\n",
       "10        True\n",
       "11        True\n",
       "12        True\n",
       "13        True\n",
       "14        True\n",
       "15       False\n",
       "16       False\n",
       "17        True\n",
       "18       False\n",
       "19        True\n",
       "20        True\n",
       "21        True\n",
       "22        True\n",
       "23        True\n",
       "24        True\n",
       "25        True\n",
       "26        True\n",
       "27        True\n",
       "28        True\n",
       "29       False\n",
       "         ...  \n",
       "18595    False\n",
       "18596    False\n",
       "18597    False\n",
       "18598    False\n",
       "18599     True\n",
       "18600     True\n",
       "18601     True\n",
       "18602     True\n",
       "18603     True\n",
       "18604     True\n",
       "18605    False\n",
       "18606    False\n",
       "18607     True\n",
       "18608    False\n",
       "18609     True\n",
       "18610    False\n",
       "18611    False\n",
       "18612     True\n",
       "18613     True\n",
       "18614     True\n",
       "18615     True\n",
       "18616     True\n",
       "18617     True\n",
       "18618     True\n",
       "18619     True\n",
       "18620     True\n",
       "18621     True\n",
       "18622    False\n",
       "18623     True\n",
       "18624     True\n",
       "Name: score, Length: 18625, dtype: bool"
      ]
     },
     "execution_count": 22,
     "metadata": {},
     "output_type": "execute_result"
    }
   ],
   "source": [
    "#Filter out which games have above average rating (above 6.9)\n",
    "score_filter = reviews[\"score\"] > 6.9\n",
    "score_filter"
   ]
  },
  {
   "cell_type": "code",
   "execution_count": 23,
   "metadata": {},
   "outputs": [
    {
     "data": {
      "text/html": [
       "<div>\n",
       "<style scoped>\n",
       "    .dataframe tbody tr th:only-of-type {\n",
       "        vertical-align: middle;\n",
       "    }\n",
       "\n",
       "    .dataframe tbody tr th {\n",
       "        vertical-align: top;\n",
       "    }\n",
       "\n",
       "    .dataframe thead th {\n",
       "        text-align: right;\n",
       "    }\n",
       "</style>\n",
       "<table border=\"1\" class=\"dataframe\">\n",
       "  <thead>\n",
       "    <tr style=\"text-align: right;\">\n",
       "      <th></th>\n",
       "      <th>title</th>\n",
       "      <th>url</th>\n",
       "      <th>platform</th>\n",
       "      <th>score</th>\n",
       "      <th>genre</th>\n",
       "      <th>editors_choice</th>\n",
       "      <th>release_year</th>\n",
       "      <th>release_month</th>\n",
       "      <th>release_day</th>\n",
       "    </tr>\n",
       "  </thead>\n",
       "  <tbody>\n",
       "    <tr>\n",
       "      <th>0</th>\n",
       "      <td>LittleBigPlanet PS Vita</td>\n",
       "      <td>/games/littlebigplanet-vita/vita-98907</td>\n",
       "      <td>PlayStation Vita</td>\n",
       "      <td>9.0</td>\n",
       "      <td>Platformer</td>\n",
       "      <td>Y</td>\n",
       "      <td>2012</td>\n",
       "      <td>9</td>\n",
       "      <td>12</td>\n",
       "    </tr>\n",
       "    <tr>\n",
       "      <th>1</th>\n",
       "      <td>LittleBigPlanet PS Vita -- Marvel Super Hero E...</td>\n",
       "      <td>/games/littlebigplanet-ps-vita-marvel-super-he...</td>\n",
       "      <td>PlayStation Vita</td>\n",
       "      <td>9.0</td>\n",
       "      <td>Platformer</td>\n",
       "      <td>Y</td>\n",
       "      <td>2012</td>\n",
       "      <td>9</td>\n",
       "      <td>12</td>\n",
       "    </tr>\n",
       "    <tr>\n",
       "      <th>2</th>\n",
       "      <td>Splice: Tree of Life</td>\n",
       "      <td>/games/splice/ipad-141070</td>\n",
       "      <td>iPad</td>\n",
       "      <td>8.5</td>\n",
       "      <td>Puzzle</td>\n",
       "      <td>N</td>\n",
       "      <td>2012</td>\n",
       "      <td>9</td>\n",
       "      <td>12</td>\n",
       "    </tr>\n",
       "    <tr>\n",
       "      <th>3</th>\n",
       "      <td>NHL 13</td>\n",
       "      <td>/games/nhl-13/xbox-360-128182</td>\n",
       "      <td>Xbox 360</td>\n",
       "      <td>8.5</td>\n",
       "      <td>Sports</td>\n",
       "      <td>N</td>\n",
       "      <td>2012</td>\n",
       "      <td>9</td>\n",
       "      <td>11</td>\n",
       "    </tr>\n",
       "    <tr>\n",
       "      <th>4</th>\n",
       "      <td>NHL 13</td>\n",
       "      <td>/games/nhl-13/ps3-128181</td>\n",
       "      <td>PlayStation 3</td>\n",
       "      <td>8.5</td>\n",
       "      <td>Sports</td>\n",
       "      <td>N</td>\n",
       "      <td>2012</td>\n",
       "      <td>9</td>\n",
       "      <td>11</td>\n",
       "    </tr>\n",
       "  </tbody>\n",
       "</table>\n",
       "</div>"
      ],
      "text/plain": [
       "                                               title  \\\n",
       "0                            LittleBigPlanet PS Vita   \n",
       "1  LittleBigPlanet PS Vita -- Marvel Super Hero E...   \n",
       "2                               Splice: Tree of Life   \n",
       "3                                             NHL 13   \n",
       "4                                             NHL 13   \n",
       "\n",
       "                                                 url          platform  score  \\\n",
       "0             /games/littlebigplanet-vita/vita-98907  PlayStation Vita    9.0   \n",
       "1  /games/littlebigplanet-ps-vita-marvel-super-he...  PlayStation Vita    9.0   \n",
       "2                          /games/splice/ipad-141070              iPad    8.5   \n",
       "3                      /games/nhl-13/xbox-360-128182          Xbox 360    8.5   \n",
       "4                           /games/nhl-13/ps3-128181     PlayStation 3    8.5   \n",
       "\n",
       "        genre editors_choice  release_year  release_month  release_day  \n",
       "0  Platformer              Y          2012              9           12  \n",
       "1  Platformer              Y          2012              9           12  \n",
       "2      Puzzle              N          2012              9           12  \n",
       "3      Sports              N          2012              9           11  \n",
       "4      Sports              N          2012              9           11  "
      ]
     },
     "execution_count": 23,
     "metadata": {},
     "output_type": "execute_result"
    }
   ],
   "source": [
    "#Select games that have score greater than 6.9 (or as True above)\n",
    "filtered_reviews = reviews[score_filter]\n",
    "filtered_reviews.head()"
   ]
  },
  {
   "cell_type": "code",
   "execution_count": 74,
   "metadata": {},
   "outputs": [
    {
     "name": "stdout",
     "output_type": "stream",
     "text": [
      "Using matplotlib backend: Qt5Agg\n"
     ]
    },
    {
     "data": {
      "text/plain": [
       "<matplotlib.axes._subplots.AxesSubplot at 0x1a24c8d5c0>"
      ]
     },
     "execution_count": 74,
     "metadata": {},
     "output_type": "execute_result"
    }
   ],
   "source": [
    "#Create histogram of data for scores for Xbox One Games\n",
    "%matplotlib\n",
    "\n",
    "\n",
    "reviews[reviews[\"platform\"] == \"Xbox One\"][\"score\"].plot(kind=\"hist\")"
   ]
  },
  {
   "cell_type": "code",
   "execution_count": null,
   "metadata": {},
   "outputs": [],
   "source": [
    "#Styling with Pandas DataFrames"
   ]
  },
  {
   "cell_type": "code",
   "execution_count": 29,
   "metadata": {},
   "outputs": [],
   "source": [
    "import numpy as np\n",
    "import pandas as pd\n",
    "\n",
    "df = pd.read_excel('2018_Sales_Total.xlsx')"
   ]
  },
  {
   "cell_type": "code",
   "execution_count": 30,
   "metadata": {},
   "outputs": [
    {
     "data": {
      "text/html": [
       "<div>\n",
       "<style scoped>\n",
       "    .dataframe tbody tr th:only-of-type {\n",
       "        vertical-align: middle;\n",
       "    }\n",
       "\n",
       "    .dataframe tbody tr th {\n",
       "        vertical-align: top;\n",
       "    }\n",
       "\n",
       "    .dataframe thead th {\n",
       "        text-align: right;\n",
       "    }\n",
       "</style>\n",
       "<table border=\"1\" class=\"dataframe\">\n",
       "  <thead>\n",
       "    <tr style=\"text-align: right;\">\n",
       "      <th></th>\n",
       "      <th>account number</th>\n",
       "      <th>name</th>\n",
       "      <th>sku</th>\n",
       "      <th>quantity</th>\n",
       "      <th>unit price</th>\n",
       "      <th>ext price</th>\n",
       "      <th>date</th>\n",
       "    </tr>\n",
       "  </thead>\n",
       "  <tbody>\n",
       "    <tr>\n",
       "      <th>0</th>\n",
       "      <td>740150</td>\n",
       "      <td>Barton LLC</td>\n",
       "      <td>B1-20000</td>\n",
       "      <td>39</td>\n",
       "      <td>86.69</td>\n",
       "      <td>3380.91</td>\n",
       "      <td>2018-01-01 07:21:51</td>\n",
       "    </tr>\n",
       "    <tr>\n",
       "      <th>1</th>\n",
       "      <td>714466</td>\n",
       "      <td>Trantow-Barrows</td>\n",
       "      <td>S2-77896</td>\n",
       "      <td>-1</td>\n",
       "      <td>63.16</td>\n",
       "      <td>-63.16</td>\n",
       "      <td>2018-01-01 10:00:47</td>\n",
       "    </tr>\n",
       "    <tr>\n",
       "      <th>2</th>\n",
       "      <td>218895</td>\n",
       "      <td>Kulas Inc</td>\n",
       "      <td>B1-69924</td>\n",
       "      <td>23</td>\n",
       "      <td>90.70</td>\n",
       "      <td>2086.10</td>\n",
       "      <td>2018-01-01 13:24:58</td>\n",
       "    </tr>\n",
       "    <tr>\n",
       "      <th>3</th>\n",
       "      <td>307599</td>\n",
       "      <td>Kassulke, Ondricka and Metz</td>\n",
       "      <td>S1-65481</td>\n",
       "      <td>41</td>\n",
       "      <td>21.05</td>\n",
       "      <td>863.05</td>\n",
       "      <td>2018-01-01 15:05:22</td>\n",
       "    </tr>\n",
       "    <tr>\n",
       "      <th>4</th>\n",
       "      <td>412290</td>\n",
       "      <td>Jerde-Hilpert</td>\n",
       "      <td>S2-34077</td>\n",
       "      <td>6</td>\n",
       "      <td>83.21</td>\n",
       "      <td>499.26</td>\n",
       "      <td>2018-01-01 23:26:55</td>\n",
       "    </tr>\n",
       "  </tbody>\n",
       "</table>\n",
       "</div>"
      ],
      "text/plain": [
       "   account number                         name       sku  quantity  \\\n",
       "0          740150                   Barton LLC  B1-20000        39   \n",
       "1          714466              Trantow-Barrows  S2-77896        -1   \n",
       "2          218895                    Kulas Inc  B1-69924        23   \n",
       "3          307599  Kassulke, Ondricka and Metz  S1-65481        41   \n",
       "4          412290                Jerde-Hilpert  S2-34077         6   \n",
       "\n",
       "   unit price  ext price                date  \n",
       "0       86.69    3380.91 2018-01-01 07:21:51  \n",
       "1       63.16     -63.16 2018-01-01 10:00:47  \n",
       "2       90.70    2086.10 2018-01-01 13:24:58  \n",
       "3       21.05     863.05 2018-01-01 15:05:22  \n",
       "4       83.21     499.26 2018-01-01 23:26:55  "
      ]
     },
     "execution_count": 30,
     "metadata": {},
     "output_type": "execute_result"
    }
   ],
   "source": [
    "df.head()"
   ]
  },
  {
   "cell_type": "code",
   "execution_count": 31,
   "metadata": {},
   "outputs": [
    {
     "data": {
      "text/html": [
       "<div>\n",
       "<style scoped>\n",
       "    .dataframe tbody tr th:only-of-type {\n",
       "        vertical-align: middle;\n",
       "    }\n",
       "\n",
       "    .dataframe tbody tr th {\n",
       "        vertical-align: top;\n",
       "    }\n",
       "\n",
       "    .dataframe thead th {\n",
       "        text-align: right;\n",
       "    }\n",
       "</style>\n",
       "<table border=\"1\" class=\"dataframe\">\n",
       "  <thead>\n",
       "    <tr style=\"text-align: right;\">\n",
       "      <th></th>\n",
       "      <th>mean</th>\n",
       "      <th>sum</th>\n",
       "    </tr>\n",
       "    <tr>\n",
       "      <th>name</th>\n",
       "      <th></th>\n",
       "      <th></th>\n",
       "    </tr>\n",
       "  </thead>\n",
       "  <tbody>\n",
       "    <tr>\n",
       "      <th>Barton LLC</th>\n",
       "      <td>1334.615854</td>\n",
       "      <td>109438.50</td>\n",
       "    </tr>\n",
       "    <tr>\n",
       "      <th>Cronin, Oberbrunner and Spencer</th>\n",
       "      <td>1339.321642</td>\n",
       "      <td>89734.55</td>\n",
       "    </tr>\n",
       "    <tr>\n",
       "      <th>Frami, Hills and Schmidt</th>\n",
       "      <td>1438.466528</td>\n",
       "      <td>103569.59</td>\n",
       "    </tr>\n",
       "    <tr>\n",
       "      <th>Fritsch, Russel and Anderson</th>\n",
       "      <td>1385.366790</td>\n",
       "      <td>112214.71</td>\n",
       "    </tr>\n",
       "    <tr>\n",
       "      <th>Halvorson, Crona and Champlin</th>\n",
       "      <td>1206.971724</td>\n",
       "      <td>70004.36</td>\n",
       "    </tr>\n",
       "    <tr>\n",
       "      <th>Herman LLC</th>\n",
       "      <td>1336.532258</td>\n",
       "      <td>82865.00</td>\n",
       "    </tr>\n",
       "    <tr>\n",
       "      <th>Jerde-Hilpert</th>\n",
       "      <td>1265.072247</td>\n",
       "      <td>112591.43</td>\n",
       "    </tr>\n",
       "    <tr>\n",
       "      <th>Kassulke, Ondricka and Metz</th>\n",
       "      <td>1350.797969</td>\n",
       "      <td>86451.07</td>\n",
       "    </tr>\n",
       "    <tr>\n",
       "      <th>Keeling LLC</th>\n",
       "      <td>1363.977027</td>\n",
       "      <td>100934.30</td>\n",
       "    </tr>\n",
       "    <tr>\n",
       "      <th>Kiehn-Spinka</th>\n",
       "      <td>1260.870506</td>\n",
       "      <td>99608.77</td>\n",
       "    </tr>\n",
       "    <tr>\n",
       "      <th>Koepp Ltd</th>\n",
       "      <td>1264.152927</td>\n",
       "      <td>103660.54</td>\n",
       "    </tr>\n",
       "    <tr>\n",
       "      <th>Kuhn-Gusikowski</th>\n",
       "      <td>1247.866849</td>\n",
       "      <td>91094.28</td>\n",
       "    </tr>\n",
       "    <tr>\n",
       "      <th>Kulas Inc</th>\n",
       "      <td>1461.191064</td>\n",
       "      <td>137351.96</td>\n",
       "    </tr>\n",
       "    <tr>\n",
       "      <th>Pollich LLC</th>\n",
       "      <td>1196.536712</td>\n",
       "      <td>87347.18</td>\n",
       "    </tr>\n",
       "    <tr>\n",
       "      <th>Purdy-Kunde</th>\n",
       "      <td>1469.777547</td>\n",
       "      <td>77898.21</td>\n",
       "    </tr>\n",
       "    <tr>\n",
       "      <th>Sanford and Sons</th>\n",
       "      <td>1391.872958</td>\n",
       "      <td>98822.98</td>\n",
       "    </tr>\n",
       "    <tr>\n",
       "      <th>Stokes LLC</th>\n",
       "      <td>1271.332222</td>\n",
       "      <td>91535.92</td>\n",
       "    </tr>\n",
       "    <tr>\n",
       "      <th>Trantow-Barrows</th>\n",
       "      <td>1312.567872</td>\n",
       "      <td>123381.38</td>\n",
       "    </tr>\n",
       "    <tr>\n",
       "      <th>White-Trantow</th>\n",
       "      <td>1579.558023</td>\n",
       "      <td>135841.99</td>\n",
       "    </tr>\n",
       "    <tr>\n",
       "      <th>Will LLC</th>\n",
       "      <td>1411.318919</td>\n",
       "      <td>104437.60</td>\n",
       "    </tr>\n",
       "  </tbody>\n",
       "</table>\n",
       "</div>"
      ],
      "text/plain": [
       "                                        mean        sum\n",
       "name                                                   \n",
       "Barton LLC                       1334.615854  109438.50\n",
       "Cronin, Oberbrunner and Spencer  1339.321642   89734.55\n",
       "Frami, Hills and Schmidt         1438.466528  103569.59\n",
       "Fritsch, Russel and Anderson     1385.366790  112214.71\n",
       "Halvorson, Crona and Champlin    1206.971724   70004.36\n",
       "Herman LLC                       1336.532258   82865.00\n",
       "Jerde-Hilpert                    1265.072247  112591.43\n",
       "Kassulke, Ondricka and Metz      1350.797969   86451.07\n",
       "Keeling LLC                      1363.977027  100934.30\n",
       "Kiehn-Spinka                     1260.870506   99608.77\n",
       "Koepp Ltd                        1264.152927  103660.54\n",
       "Kuhn-Gusikowski                  1247.866849   91094.28\n",
       "Kulas Inc                        1461.191064  137351.96\n",
       "Pollich LLC                      1196.536712   87347.18\n",
       "Purdy-Kunde                      1469.777547   77898.21\n",
       "Sanford and Sons                 1391.872958   98822.98\n",
       "Stokes LLC                       1271.332222   91535.92\n",
       "Trantow-Barrows                  1312.567872  123381.38\n",
       "White-Trantow                    1579.558023  135841.99\n",
       "Will LLC                         1411.318919  104437.60"
      ]
     },
     "execution_count": 31,
     "metadata": {},
     "output_type": "execute_result"
    }
   ],
   "source": [
    "#Group by how much product customer has purchased\n",
    "df.groupby('name')['ext price'].agg(['mean', 'sum'])"
   ]
  },
  {
   "cell_type": "code",
   "execution_count": 32,
   "metadata": {},
   "outputs": [
    {
     "data": {
      "text/html": [
       "<style  type=\"text/css\" >\n",
       "</style>  \n",
       "<table id=\"T_2d26111e_d4ae_11e9_af3b_685b359f7c92\" > \n",
       "<thead>    <tr> \n",
       "        <th class=\"blank level0\" ></th> \n",
       "        <th class=\"col_heading level0 col0\" >mean</th> \n",
       "        <th class=\"col_heading level0 col1\" >sum</th> \n",
       "    </tr>    <tr> \n",
       "        <th class=\"index_name level0\" >name</th> \n",
       "        <th class=\"blank\" ></th> \n",
       "        <th class=\"blank\" ></th> \n",
       "    </tr></thead> \n",
       "<tbody>    <tr> \n",
       "        <th id=\"T_2d26111e_d4ae_11e9_af3b_685b359f7c92level0_row0\" class=\"row_heading level0 row0\" >Barton LLC</th> \n",
       "        <td id=\"T_2d26111e_d4ae_11e9_af3b_685b359f7c92row0_col0\" class=\"data row0 col0\" >$1,334.62</td> \n",
       "        <td id=\"T_2d26111e_d4ae_11e9_af3b_685b359f7c92row0_col1\" class=\"data row0 col1\" >$109,438.50</td> \n",
       "    </tr>    <tr> \n",
       "        <th id=\"T_2d26111e_d4ae_11e9_af3b_685b359f7c92level0_row1\" class=\"row_heading level0 row1\" >Cronin, Oberbrunner and Spencer</th> \n",
       "        <td id=\"T_2d26111e_d4ae_11e9_af3b_685b359f7c92row1_col0\" class=\"data row1 col0\" >$1,339.32</td> \n",
       "        <td id=\"T_2d26111e_d4ae_11e9_af3b_685b359f7c92row1_col1\" class=\"data row1 col1\" >$89,734.55</td> \n",
       "    </tr>    <tr> \n",
       "        <th id=\"T_2d26111e_d4ae_11e9_af3b_685b359f7c92level0_row2\" class=\"row_heading level0 row2\" >Frami, Hills and Schmidt</th> \n",
       "        <td id=\"T_2d26111e_d4ae_11e9_af3b_685b359f7c92row2_col0\" class=\"data row2 col0\" >$1,438.47</td> \n",
       "        <td id=\"T_2d26111e_d4ae_11e9_af3b_685b359f7c92row2_col1\" class=\"data row2 col1\" >$103,569.59</td> \n",
       "    </tr>    <tr> \n",
       "        <th id=\"T_2d26111e_d4ae_11e9_af3b_685b359f7c92level0_row3\" class=\"row_heading level0 row3\" >Fritsch, Russel and Anderson</th> \n",
       "        <td id=\"T_2d26111e_d4ae_11e9_af3b_685b359f7c92row3_col0\" class=\"data row3 col0\" >$1,385.37</td> \n",
       "        <td id=\"T_2d26111e_d4ae_11e9_af3b_685b359f7c92row3_col1\" class=\"data row3 col1\" >$112,214.71</td> \n",
       "    </tr>    <tr> \n",
       "        <th id=\"T_2d26111e_d4ae_11e9_af3b_685b359f7c92level0_row4\" class=\"row_heading level0 row4\" >Halvorson, Crona and Champlin</th> \n",
       "        <td id=\"T_2d26111e_d4ae_11e9_af3b_685b359f7c92row4_col0\" class=\"data row4 col0\" >$1,206.97</td> \n",
       "        <td id=\"T_2d26111e_d4ae_11e9_af3b_685b359f7c92row4_col1\" class=\"data row4 col1\" >$70,004.36</td> \n",
       "    </tr>    <tr> \n",
       "        <th id=\"T_2d26111e_d4ae_11e9_af3b_685b359f7c92level0_row5\" class=\"row_heading level0 row5\" >Herman LLC</th> \n",
       "        <td id=\"T_2d26111e_d4ae_11e9_af3b_685b359f7c92row5_col0\" class=\"data row5 col0\" >$1,336.53</td> \n",
       "        <td id=\"T_2d26111e_d4ae_11e9_af3b_685b359f7c92row5_col1\" class=\"data row5 col1\" >$82,865.00</td> \n",
       "    </tr>    <tr> \n",
       "        <th id=\"T_2d26111e_d4ae_11e9_af3b_685b359f7c92level0_row6\" class=\"row_heading level0 row6\" >Jerde-Hilpert</th> \n",
       "        <td id=\"T_2d26111e_d4ae_11e9_af3b_685b359f7c92row6_col0\" class=\"data row6 col0\" >$1,265.07</td> \n",
       "        <td id=\"T_2d26111e_d4ae_11e9_af3b_685b359f7c92row6_col1\" class=\"data row6 col1\" >$112,591.43</td> \n",
       "    </tr>    <tr> \n",
       "        <th id=\"T_2d26111e_d4ae_11e9_af3b_685b359f7c92level0_row7\" class=\"row_heading level0 row7\" >Kassulke, Ondricka and Metz</th> \n",
       "        <td id=\"T_2d26111e_d4ae_11e9_af3b_685b359f7c92row7_col0\" class=\"data row7 col0\" >$1,350.80</td> \n",
       "        <td id=\"T_2d26111e_d4ae_11e9_af3b_685b359f7c92row7_col1\" class=\"data row7 col1\" >$86,451.07</td> \n",
       "    </tr>    <tr> \n",
       "        <th id=\"T_2d26111e_d4ae_11e9_af3b_685b359f7c92level0_row8\" class=\"row_heading level0 row8\" >Keeling LLC</th> \n",
       "        <td id=\"T_2d26111e_d4ae_11e9_af3b_685b359f7c92row8_col0\" class=\"data row8 col0\" >$1,363.98</td> \n",
       "        <td id=\"T_2d26111e_d4ae_11e9_af3b_685b359f7c92row8_col1\" class=\"data row8 col1\" >$100,934.30</td> \n",
       "    </tr>    <tr> \n",
       "        <th id=\"T_2d26111e_d4ae_11e9_af3b_685b359f7c92level0_row9\" class=\"row_heading level0 row9\" >Kiehn-Spinka</th> \n",
       "        <td id=\"T_2d26111e_d4ae_11e9_af3b_685b359f7c92row9_col0\" class=\"data row9 col0\" >$1,260.87</td> \n",
       "        <td id=\"T_2d26111e_d4ae_11e9_af3b_685b359f7c92row9_col1\" class=\"data row9 col1\" >$99,608.77</td> \n",
       "    </tr>    <tr> \n",
       "        <th id=\"T_2d26111e_d4ae_11e9_af3b_685b359f7c92level0_row10\" class=\"row_heading level0 row10\" >Koepp Ltd</th> \n",
       "        <td id=\"T_2d26111e_d4ae_11e9_af3b_685b359f7c92row10_col0\" class=\"data row10 col0\" >$1,264.15</td> \n",
       "        <td id=\"T_2d26111e_d4ae_11e9_af3b_685b359f7c92row10_col1\" class=\"data row10 col1\" >$103,660.54</td> \n",
       "    </tr>    <tr> \n",
       "        <th id=\"T_2d26111e_d4ae_11e9_af3b_685b359f7c92level0_row11\" class=\"row_heading level0 row11\" >Kuhn-Gusikowski</th> \n",
       "        <td id=\"T_2d26111e_d4ae_11e9_af3b_685b359f7c92row11_col0\" class=\"data row11 col0\" >$1,247.87</td> \n",
       "        <td id=\"T_2d26111e_d4ae_11e9_af3b_685b359f7c92row11_col1\" class=\"data row11 col1\" >$91,094.28</td> \n",
       "    </tr>    <tr> \n",
       "        <th id=\"T_2d26111e_d4ae_11e9_af3b_685b359f7c92level0_row12\" class=\"row_heading level0 row12\" >Kulas Inc</th> \n",
       "        <td id=\"T_2d26111e_d4ae_11e9_af3b_685b359f7c92row12_col0\" class=\"data row12 col0\" >$1,461.19</td> \n",
       "        <td id=\"T_2d26111e_d4ae_11e9_af3b_685b359f7c92row12_col1\" class=\"data row12 col1\" >$137,351.96</td> \n",
       "    </tr>    <tr> \n",
       "        <th id=\"T_2d26111e_d4ae_11e9_af3b_685b359f7c92level0_row13\" class=\"row_heading level0 row13\" >Pollich LLC</th> \n",
       "        <td id=\"T_2d26111e_d4ae_11e9_af3b_685b359f7c92row13_col0\" class=\"data row13 col0\" >$1,196.54</td> \n",
       "        <td id=\"T_2d26111e_d4ae_11e9_af3b_685b359f7c92row13_col1\" class=\"data row13 col1\" >$87,347.18</td> \n",
       "    </tr>    <tr> \n",
       "        <th id=\"T_2d26111e_d4ae_11e9_af3b_685b359f7c92level0_row14\" class=\"row_heading level0 row14\" >Purdy-Kunde</th> \n",
       "        <td id=\"T_2d26111e_d4ae_11e9_af3b_685b359f7c92row14_col0\" class=\"data row14 col0\" >$1,469.78</td> \n",
       "        <td id=\"T_2d26111e_d4ae_11e9_af3b_685b359f7c92row14_col1\" class=\"data row14 col1\" >$77,898.21</td> \n",
       "    </tr>    <tr> \n",
       "        <th id=\"T_2d26111e_d4ae_11e9_af3b_685b359f7c92level0_row15\" class=\"row_heading level0 row15\" >Sanford and Sons</th> \n",
       "        <td id=\"T_2d26111e_d4ae_11e9_af3b_685b359f7c92row15_col0\" class=\"data row15 col0\" >$1,391.87</td> \n",
       "        <td id=\"T_2d26111e_d4ae_11e9_af3b_685b359f7c92row15_col1\" class=\"data row15 col1\" >$98,822.98</td> \n",
       "    </tr>    <tr> \n",
       "        <th id=\"T_2d26111e_d4ae_11e9_af3b_685b359f7c92level0_row16\" class=\"row_heading level0 row16\" >Stokes LLC</th> \n",
       "        <td id=\"T_2d26111e_d4ae_11e9_af3b_685b359f7c92row16_col0\" class=\"data row16 col0\" >$1,271.33</td> \n",
       "        <td id=\"T_2d26111e_d4ae_11e9_af3b_685b359f7c92row16_col1\" class=\"data row16 col1\" >$91,535.92</td> \n",
       "    </tr>    <tr> \n",
       "        <th id=\"T_2d26111e_d4ae_11e9_af3b_685b359f7c92level0_row17\" class=\"row_heading level0 row17\" >Trantow-Barrows</th> \n",
       "        <td id=\"T_2d26111e_d4ae_11e9_af3b_685b359f7c92row17_col0\" class=\"data row17 col0\" >$1,312.57</td> \n",
       "        <td id=\"T_2d26111e_d4ae_11e9_af3b_685b359f7c92row17_col1\" class=\"data row17 col1\" >$123,381.38</td> \n",
       "    </tr>    <tr> \n",
       "        <th id=\"T_2d26111e_d4ae_11e9_af3b_685b359f7c92level0_row18\" class=\"row_heading level0 row18\" >White-Trantow</th> \n",
       "        <td id=\"T_2d26111e_d4ae_11e9_af3b_685b359f7c92row18_col0\" class=\"data row18 col0\" >$1,579.56</td> \n",
       "        <td id=\"T_2d26111e_d4ae_11e9_af3b_685b359f7c92row18_col1\" class=\"data row18 col1\" >$135,841.99</td> \n",
       "    </tr>    <tr> \n",
       "        <th id=\"T_2d26111e_d4ae_11e9_af3b_685b359f7c92level0_row19\" class=\"row_heading level0 row19\" >Will LLC</th> \n",
       "        <td id=\"T_2d26111e_d4ae_11e9_af3b_685b359f7c92row19_col0\" class=\"data row19 col0\" >$1,411.32</td> \n",
       "        <td id=\"T_2d26111e_d4ae_11e9_af3b_685b359f7c92row19_col1\" class=\"data row19 col1\" >$104,437.60</td> \n",
       "    </tr></tbody> \n",
       "</table> "
      ],
      "text/plain": [
       "<pandas.io.formats.style.Styler at 0x1a24a37240>"
      ]
     },
     "execution_count": 32,
     "metadata": {},
     "output_type": "execute_result"
    }
   ],
   "source": [
    "#Format with $ and only 2 decimal places so it's easier to read\n",
    "(df.groupby('name')['ext price']\n",
    " .agg(['mean', 'sum'])\n",
    " .style.format('${0:,.2f}'))"
   ]
  },
  {
   "cell_type": "code",
   "execution_count": 35,
   "metadata": {},
   "outputs": [
    {
     "data": {
      "text/html": [
       "<div>\n",
       "<style scoped>\n",
       "    .dataframe tbody tr th:only-of-type {\n",
       "        vertical-align: middle;\n",
       "    }\n",
       "\n",
       "    .dataframe tbody tr th {\n",
       "        vertical-align: top;\n",
       "    }\n",
       "\n",
       "    .dataframe thead th {\n",
       "        text-align: right;\n",
       "    }\n",
       "</style>\n",
       "<table border=\"1\" class=\"dataframe\">\n",
       "  <thead>\n",
       "    <tr style=\"text-align: right;\">\n",
       "      <th></th>\n",
       "      <th>date</th>\n",
       "      <th>sum</th>\n",
       "      <th>pct_of_total</th>\n",
       "    </tr>\n",
       "  </thead>\n",
       "  <tbody>\n",
       "    <tr>\n",
       "      <th>0</th>\n",
       "      <td>2018-01-31</td>\n",
       "      <td>185361.66</td>\n",
       "      <td>0.091818</td>\n",
       "    </tr>\n",
       "    <tr>\n",
       "      <th>1</th>\n",
       "      <td>2018-02-28</td>\n",
       "      <td>146211.62</td>\n",
       "      <td>0.072426</td>\n",
       "    </tr>\n",
       "    <tr>\n",
       "      <th>2</th>\n",
       "      <td>2018-03-31</td>\n",
       "      <td>203921.38</td>\n",
       "      <td>0.101012</td>\n",
       "    </tr>\n",
       "    <tr>\n",
       "      <th>3</th>\n",
       "      <td>2018-04-30</td>\n",
       "      <td>174574.11</td>\n",
       "      <td>0.086475</td>\n",
       "    </tr>\n",
       "    <tr>\n",
       "      <th>4</th>\n",
       "      <td>2018-05-31</td>\n",
       "      <td>165418.55</td>\n",
       "      <td>0.081940</td>\n",
       "    </tr>\n",
       "  </tbody>\n",
       "</table>\n",
       "</div>"
      ],
      "text/plain": [
       "        date        sum  pct_of_total\n",
       "0 2018-01-31  185361.66      0.091818\n",
       "1 2018-02-28  146211.62      0.072426\n",
       "2 2018-03-31  203921.38      0.101012\n",
       "3 2018-04-30  174574.11      0.086475\n",
       "4 2018-05-31  165418.55      0.081940"
      ]
     },
     "execution_count": 35,
     "metadata": {},
     "output_type": "execute_result"
    }
   ],
   "source": [
    "#Use grouper function to group sales by month and look at it as a percentage\n",
    "monthly_sales = df.groupby([pd.Grouper(key='date', freq='M')])['ext price'].agg(['sum']).reset_index()\n",
    "monthly_sales['pct_of_total'] = monthly_sales['sum'] / df['ext price'].sum()\n",
    "\n",
    "monthly_sales.head()"
   ]
  },
  {
   "cell_type": "code",
   "execution_count": 36,
   "metadata": {},
   "outputs": [
    {
     "data": {
      "text/html": [
       "<style  type=\"text/css\" >\n",
       "</style>  \n",
       "<table id=\"T_b03e26ae_d4ae_11e9_af3b_685b359f7c92\" > \n",
       "<thead>    <tr> \n",
       "        <th class=\"col_heading level0 col0\" >date</th> \n",
       "        <th class=\"col_heading level0 col1\" >sum</th> \n",
       "        <th class=\"col_heading level0 col2\" >pct_of_total</th> \n",
       "    </tr></thead> \n",
       "<tbody>    <tr> \n",
       "        <td id=\"T_b03e26ae_d4ae_11e9_af3b_685b359f7c92row0_col0\" class=\"data row0 col0\" >01-2018</td> \n",
       "        <td id=\"T_b03e26ae_d4ae_11e9_af3b_685b359f7c92row0_col1\" class=\"data row0 col1\" >$185,362</td> \n",
       "        <td id=\"T_b03e26ae_d4ae_11e9_af3b_685b359f7c92row0_col2\" class=\"data row0 col2\" >9.18%</td> \n",
       "    </tr>    <tr> \n",
       "        <td id=\"T_b03e26ae_d4ae_11e9_af3b_685b359f7c92row1_col0\" class=\"data row1 col0\" >02-2018</td> \n",
       "        <td id=\"T_b03e26ae_d4ae_11e9_af3b_685b359f7c92row1_col1\" class=\"data row1 col1\" >$146,212</td> \n",
       "        <td id=\"T_b03e26ae_d4ae_11e9_af3b_685b359f7c92row1_col2\" class=\"data row1 col2\" >7.24%</td> \n",
       "    </tr>    <tr> \n",
       "        <td id=\"T_b03e26ae_d4ae_11e9_af3b_685b359f7c92row2_col0\" class=\"data row2 col0\" >03-2018</td> \n",
       "        <td id=\"T_b03e26ae_d4ae_11e9_af3b_685b359f7c92row2_col1\" class=\"data row2 col1\" >$203,921</td> \n",
       "        <td id=\"T_b03e26ae_d4ae_11e9_af3b_685b359f7c92row2_col2\" class=\"data row2 col2\" >10.10%</td> \n",
       "    </tr>    <tr> \n",
       "        <td id=\"T_b03e26ae_d4ae_11e9_af3b_685b359f7c92row3_col0\" class=\"data row3 col0\" >04-2018</td> \n",
       "        <td id=\"T_b03e26ae_d4ae_11e9_af3b_685b359f7c92row3_col1\" class=\"data row3 col1\" >$174,574</td> \n",
       "        <td id=\"T_b03e26ae_d4ae_11e9_af3b_685b359f7c92row3_col2\" class=\"data row3 col2\" >8.65%</td> \n",
       "    </tr>    <tr> \n",
       "        <td id=\"T_b03e26ae_d4ae_11e9_af3b_685b359f7c92row4_col0\" class=\"data row4 col0\" >05-2018</td> \n",
       "        <td id=\"T_b03e26ae_d4ae_11e9_af3b_685b359f7c92row4_col1\" class=\"data row4 col1\" >$165,419</td> \n",
       "        <td id=\"T_b03e26ae_d4ae_11e9_af3b_685b359f7c92row4_col2\" class=\"data row4 col2\" >8.19%</td> \n",
       "    </tr>    <tr> \n",
       "        <td id=\"T_b03e26ae_d4ae_11e9_af3b_685b359f7c92row5_col0\" class=\"data row5 col0\" >06-2018</td> \n",
       "        <td id=\"T_b03e26ae_d4ae_11e9_af3b_685b359f7c92row5_col1\" class=\"data row5 col1\" >$174,089</td> \n",
       "        <td id=\"T_b03e26ae_d4ae_11e9_af3b_685b359f7c92row5_col2\" class=\"data row5 col2\" >8.62%</td> \n",
       "    </tr>    <tr> \n",
       "        <td id=\"T_b03e26ae_d4ae_11e9_af3b_685b359f7c92row6_col0\" class=\"data row6 col0\" >07-2018</td> \n",
       "        <td id=\"T_b03e26ae_d4ae_11e9_af3b_685b359f7c92row6_col1\" class=\"data row6 col1\" >$191,662</td> \n",
       "        <td id=\"T_b03e26ae_d4ae_11e9_af3b_685b359f7c92row6_col2\" class=\"data row6 col2\" >9.49%</td> \n",
       "    </tr>    <tr> \n",
       "        <td id=\"T_b03e26ae_d4ae_11e9_af3b_685b359f7c92row7_col0\" class=\"data row7 col0\" >08-2018</td> \n",
       "        <td id=\"T_b03e26ae_d4ae_11e9_af3b_685b359f7c92row7_col1\" class=\"data row7 col1\" >$153,779</td> \n",
       "        <td id=\"T_b03e26ae_d4ae_11e9_af3b_685b359f7c92row7_col2\" class=\"data row7 col2\" >7.62%</td> \n",
       "    </tr>    <tr> \n",
       "        <td id=\"T_b03e26ae_d4ae_11e9_af3b_685b359f7c92row8_col0\" class=\"data row8 col0\" >09-2018</td> \n",
       "        <td id=\"T_b03e26ae_d4ae_11e9_af3b_685b359f7c92row8_col1\" class=\"data row8 col1\" >$168,443</td> \n",
       "        <td id=\"T_b03e26ae_d4ae_11e9_af3b_685b359f7c92row8_col2\" class=\"data row8 col2\" >8.34%</td> \n",
       "    </tr>    <tr> \n",
       "        <td id=\"T_b03e26ae_d4ae_11e9_af3b_685b359f7c92row9_col0\" class=\"data row9 col0\" >10-2018</td> \n",
       "        <td id=\"T_b03e26ae_d4ae_11e9_af3b_685b359f7c92row9_col1\" class=\"data row9 col1\" >$171,495</td> \n",
       "        <td id=\"T_b03e26ae_d4ae_11e9_af3b_685b359f7c92row9_col2\" class=\"data row9 col2\" >8.49%</td> \n",
       "    </tr>    <tr> \n",
       "        <td id=\"T_b03e26ae_d4ae_11e9_af3b_685b359f7c92row10_col0\" class=\"data row10 col0\" >11-2018</td> \n",
       "        <td id=\"T_b03e26ae_d4ae_11e9_af3b_685b359f7c92row10_col1\" class=\"data row10 col1\" >$119,961</td> \n",
       "        <td id=\"T_b03e26ae_d4ae_11e9_af3b_685b359f7c92row10_col2\" class=\"data row10 col2\" >5.94%</td> \n",
       "    </tr>    <tr> \n",
       "        <td id=\"T_b03e26ae_d4ae_11e9_af3b_685b359f7c92row11_col0\" class=\"data row11 col0\" >12-2018</td> \n",
       "        <td id=\"T_b03e26ae_d4ae_11e9_af3b_685b359f7c92row11_col1\" class=\"data row11 col1\" >$163,867</td> \n",
       "        <td id=\"T_b03e26ae_d4ae_11e9_af3b_685b359f7c92row11_col2\" class=\"data row11 col2\" >8.12%</td> \n",
       "    </tr></tbody> \n",
       "</table> "
      ],
      "text/plain": [
       "<pandas.io.formats.style.Styler at 0x122bb8ef0>"
      ]
     },
     "execution_count": 36,
     "metadata": {},
     "output_type": "execute_result"
    }
   ],
   "source": [
    "#Use dictionary to format data, money, and percentages\n",
    "format_dict = {'sum':'${0:,.0f}', 'date': '{:%m-%Y}', 'pct_of_total': '{:.2%}'}\n",
    "monthly_sales.style.format(format_dict).hide_index()"
   ]
  },
  {
   "cell_type": "code",
   "execution_count": 37,
   "metadata": {},
   "outputs": [
    {
     "data": {
      "text/html": [
       "<style  type=\"text/css\" >\n",
       "    #T_c5946932_d4ae_11e9_af3b_685b359f7c92row2_col1 {\n",
       "            background-color:  lightgreen;\n",
       "            : ;\n",
       "        }    #T_c5946932_d4ae_11e9_af3b_685b359f7c92row2_col2 {\n",
       "            background-color:  lightgreen;\n",
       "            : ;\n",
       "        }    #T_c5946932_d4ae_11e9_af3b_685b359f7c92row10_col1 {\n",
       "            : ;\n",
       "            background-color:  #cd4f39;\n",
       "        }    #T_c5946932_d4ae_11e9_af3b_685b359f7c92row10_col2 {\n",
       "            : ;\n",
       "            background-color:  #cd4f39;\n",
       "        }</style>  \n",
       "<table id=\"T_c5946932_d4ae_11e9_af3b_685b359f7c92\" > \n",
       "<thead>    <tr> \n",
       "        <th class=\"col_heading level0 col0\" >date</th> \n",
       "        <th class=\"col_heading level0 col1\" >sum</th> \n",
       "        <th class=\"col_heading level0 col2\" >pct_of_total</th> \n",
       "    </tr></thead> \n",
       "<tbody>    <tr> \n",
       "        <td id=\"T_c5946932_d4ae_11e9_af3b_685b359f7c92row0_col0\" class=\"data row0 col0\" >01-2018</td> \n",
       "        <td id=\"T_c5946932_d4ae_11e9_af3b_685b359f7c92row0_col1\" class=\"data row0 col1\" >$185,362</td> \n",
       "        <td id=\"T_c5946932_d4ae_11e9_af3b_685b359f7c92row0_col2\" class=\"data row0 col2\" >9.18%</td> \n",
       "    </tr>    <tr> \n",
       "        <td id=\"T_c5946932_d4ae_11e9_af3b_685b359f7c92row1_col0\" class=\"data row1 col0\" >02-2018</td> \n",
       "        <td id=\"T_c5946932_d4ae_11e9_af3b_685b359f7c92row1_col1\" class=\"data row1 col1\" >$146,212</td> \n",
       "        <td id=\"T_c5946932_d4ae_11e9_af3b_685b359f7c92row1_col2\" class=\"data row1 col2\" >7.24%</td> \n",
       "    </tr>    <tr> \n",
       "        <td id=\"T_c5946932_d4ae_11e9_af3b_685b359f7c92row2_col0\" class=\"data row2 col0\" >03-2018</td> \n",
       "        <td id=\"T_c5946932_d4ae_11e9_af3b_685b359f7c92row2_col1\" class=\"data row2 col1\" >$203,921</td> \n",
       "        <td id=\"T_c5946932_d4ae_11e9_af3b_685b359f7c92row2_col2\" class=\"data row2 col2\" >10.10%</td> \n",
       "    </tr>    <tr> \n",
       "        <td id=\"T_c5946932_d4ae_11e9_af3b_685b359f7c92row3_col0\" class=\"data row3 col0\" >04-2018</td> \n",
       "        <td id=\"T_c5946932_d4ae_11e9_af3b_685b359f7c92row3_col1\" class=\"data row3 col1\" >$174,574</td> \n",
       "        <td id=\"T_c5946932_d4ae_11e9_af3b_685b359f7c92row3_col2\" class=\"data row3 col2\" >8.65%</td> \n",
       "    </tr>    <tr> \n",
       "        <td id=\"T_c5946932_d4ae_11e9_af3b_685b359f7c92row4_col0\" class=\"data row4 col0\" >05-2018</td> \n",
       "        <td id=\"T_c5946932_d4ae_11e9_af3b_685b359f7c92row4_col1\" class=\"data row4 col1\" >$165,419</td> \n",
       "        <td id=\"T_c5946932_d4ae_11e9_af3b_685b359f7c92row4_col2\" class=\"data row4 col2\" >8.19%</td> \n",
       "    </tr>    <tr> \n",
       "        <td id=\"T_c5946932_d4ae_11e9_af3b_685b359f7c92row5_col0\" class=\"data row5 col0\" >06-2018</td> \n",
       "        <td id=\"T_c5946932_d4ae_11e9_af3b_685b359f7c92row5_col1\" class=\"data row5 col1\" >$174,089</td> \n",
       "        <td id=\"T_c5946932_d4ae_11e9_af3b_685b359f7c92row5_col2\" class=\"data row5 col2\" >8.62%</td> \n",
       "    </tr>    <tr> \n",
       "        <td id=\"T_c5946932_d4ae_11e9_af3b_685b359f7c92row6_col0\" class=\"data row6 col0\" >07-2018</td> \n",
       "        <td id=\"T_c5946932_d4ae_11e9_af3b_685b359f7c92row6_col1\" class=\"data row6 col1\" >$191,662</td> \n",
       "        <td id=\"T_c5946932_d4ae_11e9_af3b_685b359f7c92row6_col2\" class=\"data row6 col2\" >9.49%</td> \n",
       "    </tr>    <tr> \n",
       "        <td id=\"T_c5946932_d4ae_11e9_af3b_685b359f7c92row7_col0\" class=\"data row7 col0\" >08-2018</td> \n",
       "        <td id=\"T_c5946932_d4ae_11e9_af3b_685b359f7c92row7_col1\" class=\"data row7 col1\" >$153,779</td> \n",
       "        <td id=\"T_c5946932_d4ae_11e9_af3b_685b359f7c92row7_col2\" class=\"data row7 col2\" >7.62%</td> \n",
       "    </tr>    <tr> \n",
       "        <td id=\"T_c5946932_d4ae_11e9_af3b_685b359f7c92row8_col0\" class=\"data row8 col0\" >09-2018</td> \n",
       "        <td id=\"T_c5946932_d4ae_11e9_af3b_685b359f7c92row8_col1\" class=\"data row8 col1\" >$168,443</td> \n",
       "        <td id=\"T_c5946932_d4ae_11e9_af3b_685b359f7c92row8_col2\" class=\"data row8 col2\" >8.34%</td> \n",
       "    </tr>    <tr> \n",
       "        <td id=\"T_c5946932_d4ae_11e9_af3b_685b359f7c92row9_col0\" class=\"data row9 col0\" >10-2018</td> \n",
       "        <td id=\"T_c5946932_d4ae_11e9_af3b_685b359f7c92row9_col1\" class=\"data row9 col1\" >$171,495</td> \n",
       "        <td id=\"T_c5946932_d4ae_11e9_af3b_685b359f7c92row9_col2\" class=\"data row9 col2\" >8.49%</td> \n",
       "    </tr>    <tr> \n",
       "        <td id=\"T_c5946932_d4ae_11e9_af3b_685b359f7c92row10_col0\" class=\"data row10 col0\" >11-2018</td> \n",
       "        <td id=\"T_c5946932_d4ae_11e9_af3b_685b359f7c92row10_col1\" class=\"data row10 col1\" >$119,961</td> \n",
       "        <td id=\"T_c5946932_d4ae_11e9_af3b_685b359f7c92row10_col2\" class=\"data row10 col2\" >5.94%</td> \n",
       "    </tr>    <tr> \n",
       "        <td id=\"T_c5946932_d4ae_11e9_af3b_685b359f7c92row11_col0\" class=\"data row11 col0\" >12-2018</td> \n",
       "        <td id=\"T_c5946932_d4ae_11e9_af3b_685b359f7c92row11_col1\" class=\"data row11 col1\" >$163,867</td> \n",
       "        <td id=\"T_c5946932_d4ae_11e9_af3b_685b359f7c92row11_col2\" class=\"data row11 col2\" >8.12%</td> \n",
       "    </tr></tbody> \n",
       "</table> "
      ],
      "text/plain": [
       "<pandas.io.formats.style.Styler at 0x1a24c04d30>"
      ]
     },
     "execution_count": 37,
     "metadata": {},
     "output_type": "execute_result"
    }
   ],
   "source": [
    "#Highlight max and min of monthly sales\n",
    "(monthly_sales\n",
    " .style\n",
    " .format(format_dict)\n",
    " .hide_index()\n",
    " .highlight_max(color='lightgreen')\n",
    " .highlight_min(color='#cd4f39'))"
   ]
  },
  {
   "cell_type": "code",
   "execution_count": 38,
   "metadata": {},
   "outputs": [
    {
     "data": {
      "text/html": [
       "<style  type=\"text/css\" >\n",
       "    #T_e26e9a3c_d4ae_11e9_af3b_685b359f7c92row0_col1 {\n",
       "            background-color:  #1a843f;\n",
       "        }    #T_e26e9a3c_d4ae_11e9_af3b_685b359f7c92row1_col1 {\n",
       "            background-color:  #b2e2d7;\n",
       "        }    #T_e26e9a3c_d4ae_11e9_af3b_685b359f7c92row2_col1 {\n",
       "            background-color:  #00441b;\n",
       "        }    #T_e26e9a3c_d4ae_11e9_af3b_685b359f7c92row3_col1 {\n",
       "            background-color:  #3ba76c;\n",
       "        }    #T_e26e9a3c_d4ae_11e9_af3b_685b359f7c92row4_col1 {\n",
       "            background-color:  #5abb95;\n",
       "        }    #T_e26e9a3c_d4ae_11e9_af3b_685b359f7c92row5_col1 {\n",
       "            background-color:  #3ca86d;\n",
       "        }    #T_e26e9a3c_d4ae_11e9_af3b_685b359f7c92row6_col1 {\n",
       "            background-color:  #067230;\n",
       "        }    #T_e26e9a3c_d4ae_11e9_af3b_685b359f7c92row7_col1 {\n",
       "            background-color:  #8dd3c0;\n",
       "        }    #T_e26e9a3c_d4ae_11e9_af3b_685b359f7c92row8_col1 {\n",
       "            background-color:  #4fb688;\n",
       "        }    #T_e26e9a3c_d4ae_11e9_af3b_685b359f7c92row9_col1 {\n",
       "            background-color:  #44af79;\n",
       "        }    #T_e26e9a3c_d4ae_11e9_af3b_685b359f7c92row10_col1 {\n",
       "            background-color:  #f7fcfd;\n",
       "        }    #T_e26e9a3c_d4ae_11e9_af3b_685b359f7c92row11_col1 {\n",
       "            background-color:  #60bf9c;\n",
       "        }</style>  \n",
       "<table id=\"T_e26e9a3c_d4ae_11e9_af3b_685b359f7c92\" > \n",
       "<thead>    <tr> \n",
       "        <th class=\"blank level0\" ></th> \n",
       "        <th class=\"col_heading level0 col0\" >date</th> \n",
       "        <th class=\"col_heading level0 col1\" >sum</th> \n",
       "        <th class=\"col_heading level0 col2\" >pct_of_total</th> \n",
       "    </tr></thead> \n",
       "<tbody>    <tr> \n",
       "        <th id=\"T_e26e9a3c_d4ae_11e9_af3b_685b359f7c92level0_row0\" class=\"row_heading level0 row0\" >0</th> \n",
       "        <td id=\"T_e26e9a3c_d4ae_11e9_af3b_685b359f7c92row0_col0\" class=\"data row0 col0\" >01-2018</td> \n",
       "        <td id=\"T_e26e9a3c_d4ae_11e9_af3b_685b359f7c92row0_col1\" class=\"data row0 col1\" >$185,362</td> \n",
       "        <td id=\"T_e26e9a3c_d4ae_11e9_af3b_685b359f7c92row0_col2\" class=\"data row0 col2\" >9.18%</td> \n",
       "    </tr>    <tr> \n",
       "        <th id=\"T_e26e9a3c_d4ae_11e9_af3b_685b359f7c92level0_row1\" class=\"row_heading level0 row1\" >1</th> \n",
       "        <td id=\"T_e26e9a3c_d4ae_11e9_af3b_685b359f7c92row1_col0\" class=\"data row1 col0\" >02-2018</td> \n",
       "        <td id=\"T_e26e9a3c_d4ae_11e9_af3b_685b359f7c92row1_col1\" class=\"data row1 col1\" >$146,212</td> \n",
       "        <td id=\"T_e26e9a3c_d4ae_11e9_af3b_685b359f7c92row1_col2\" class=\"data row1 col2\" >7.24%</td> \n",
       "    </tr>    <tr> \n",
       "        <th id=\"T_e26e9a3c_d4ae_11e9_af3b_685b359f7c92level0_row2\" class=\"row_heading level0 row2\" >2</th> \n",
       "        <td id=\"T_e26e9a3c_d4ae_11e9_af3b_685b359f7c92row2_col0\" class=\"data row2 col0\" >03-2018</td> \n",
       "        <td id=\"T_e26e9a3c_d4ae_11e9_af3b_685b359f7c92row2_col1\" class=\"data row2 col1\" >$203,921</td> \n",
       "        <td id=\"T_e26e9a3c_d4ae_11e9_af3b_685b359f7c92row2_col2\" class=\"data row2 col2\" >10.10%</td> \n",
       "    </tr>    <tr> \n",
       "        <th id=\"T_e26e9a3c_d4ae_11e9_af3b_685b359f7c92level0_row3\" class=\"row_heading level0 row3\" >3</th> \n",
       "        <td id=\"T_e26e9a3c_d4ae_11e9_af3b_685b359f7c92row3_col0\" class=\"data row3 col0\" >04-2018</td> \n",
       "        <td id=\"T_e26e9a3c_d4ae_11e9_af3b_685b359f7c92row3_col1\" class=\"data row3 col1\" >$174,574</td> \n",
       "        <td id=\"T_e26e9a3c_d4ae_11e9_af3b_685b359f7c92row3_col2\" class=\"data row3 col2\" >8.65%</td> \n",
       "    </tr>    <tr> \n",
       "        <th id=\"T_e26e9a3c_d4ae_11e9_af3b_685b359f7c92level0_row4\" class=\"row_heading level0 row4\" >4</th> \n",
       "        <td id=\"T_e26e9a3c_d4ae_11e9_af3b_685b359f7c92row4_col0\" class=\"data row4 col0\" >05-2018</td> \n",
       "        <td id=\"T_e26e9a3c_d4ae_11e9_af3b_685b359f7c92row4_col1\" class=\"data row4 col1\" >$165,419</td> \n",
       "        <td id=\"T_e26e9a3c_d4ae_11e9_af3b_685b359f7c92row4_col2\" class=\"data row4 col2\" >8.19%</td> \n",
       "    </tr>    <tr> \n",
       "        <th id=\"T_e26e9a3c_d4ae_11e9_af3b_685b359f7c92level0_row5\" class=\"row_heading level0 row5\" >5</th> \n",
       "        <td id=\"T_e26e9a3c_d4ae_11e9_af3b_685b359f7c92row5_col0\" class=\"data row5 col0\" >06-2018</td> \n",
       "        <td id=\"T_e26e9a3c_d4ae_11e9_af3b_685b359f7c92row5_col1\" class=\"data row5 col1\" >$174,089</td> \n",
       "        <td id=\"T_e26e9a3c_d4ae_11e9_af3b_685b359f7c92row5_col2\" class=\"data row5 col2\" >8.62%</td> \n",
       "    </tr>    <tr> \n",
       "        <th id=\"T_e26e9a3c_d4ae_11e9_af3b_685b359f7c92level0_row6\" class=\"row_heading level0 row6\" >6</th> \n",
       "        <td id=\"T_e26e9a3c_d4ae_11e9_af3b_685b359f7c92row6_col0\" class=\"data row6 col0\" >07-2018</td> \n",
       "        <td id=\"T_e26e9a3c_d4ae_11e9_af3b_685b359f7c92row6_col1\" class=\"data row6 col1\" >$191,662</td> \n",
       "        <td id=\"T_e26e9a3c_d4ae_11e9_af3b_685b359f7c92row6_col2\" class=\"data row6 col2\" >9.49%</td> \n",
       "    </tr>    <tr> \n",
       "        <th id=\"T_e26e9a3c_d4ae_11e9_af3b_685b359f7c92level0_row7\" class=\"row_heading level0 row7\" >7</th> \n",
       "        <td id=\"T_e26e9a3c_d4ae_11e9_af3b_685b359f7c92row7_col0\" class=\"data row7 col0\" >08-2018</td> \n",
       "        <td id=\"T_e26e9a3c_d4ae_11e9_af3b_685b359f7c92row7_col1\" class=\"data row7 col1\" >$153,779</td> \n",
       "        <td id=\"T_e26e9a3c_d4ae_11e9_af3b_685b359f7c92row7_col2\" class=\"data row7 col2\" >7.62%</td> \n",
       "    </tr>    <tr> \n",
       "        <th id=\"T_e26e9a3c_d4ae_11e9_af3b_685b359f7c92level0_row8\" class=\"row_heading level0 row8\" >8</th> \n",
       "        <td id=\"T_e26e9a3c_d4ae_11e9_af3b_685b359f7c92row8_col0\" class=\"data row8 col0\" >09-2018</td> \n",
       "        <td id=\"T_e26e9a3c_d4ae_11e9_af3b_685b359f7c92row8_col1\" class=\"data row8 col1\" >$168,443</td> \n",
       "        <td id=\"T_e26e9a3c_d4ae_11e9_af3b_685b359f7c92row8_col2\" class=\"data row8 col2\" >8.34%</td> \n",
       "    </tr>    <tr> \n",
       "        <th id=\"T_e26e9a3c_d4ae_11e9_af3b_685b359f7c92level0_row9\" class=\"row_heading level0 row9\" >9</th> \n",
       "        <td id=\"T_e26e9a3c_d4ae_11e9_af3b_685b359f7c92row9_col0\" class=\"data row9 col0\" >10-2018</td> \n",
       "        <td id=\"T_e26e9a3c_d4ae_11e9_af3b_685b359f7c92row9_col1\" class=\"data row9 col1\" >$171,495</td> \n",
       "        <td id=\"T_e26e9a3c_d4ae_11e9_af3b_685b359f7c92row9_col2\" class=\"data row9 col2\" >8.49%</td> \n",
       "    </tr>    <tr> \n",
       "        <th id=\"T_e26e9a3c_d4ae_11e9_af3b_685b359f7c92level0_row10\" class=\"row_heading level0 row10\" >10</th> \n",
       "        <td id=\"T_e26e9a3c_d4ae_11e9_af3b_685b359f7c92row10_col0\" class=\"data row10 col0\" >11-2018</td> \n",
       "        <td id=\"T_e26e9a3c_d4ae_11e9_af3b_685b359f7c92row10_col1\" class=\"data row10 col1\" >$119,961</td> \n",
       "        <td id=\"T_e26e9a3c_d4ae_11e9_af3b_685b359f7c92row10_col2\" class=\"data row10 col2\" >5.94%</td> \n",
       "    </tr>    <tr> \n",
       "        <th id=\"T_e26e9a3c_d4ae_11e9_af3b_685b359f7c92level0_row11\" class=\"row_heading level0 row11\" >11</th> \n",
       "        <td id=\"T_e26e9a3c_d4ae_11e9_af3b_685b359f7c92row11_col0\" class=\"data row11 col0\" >12-2018</td> \n",
       "        <td id=\"T_e26e9a3c_d4ae_11e9_af3b_685b359f7c92row11_col1\" class=\"data row11 col1\" >$163,867</td> \n",
       "        <td id=\"T_e26e9a3c_d4ae_11e9_af3b_685b359f7c92row11_col2\" class=\"data row11 col2\" >8.12%</td> \n",
       "    </tr></tbody> \n",
       "</table> "
      ],
      "text/plain": [
       "<pandas.io.formats.style.Styler at 0x1a24c04d68>"
      ]
     },
     "execution_count": 38,
     "metadata": {},
     "output_type": "execute_result"
    }
   ],
   "source": [
    "#Background gradient highlights range of values in column\n",
    "(monthly_sales.style\n",
    " .format(format_dict)\n",
    " .background_gradient(subset=['sum'], cmap='BuGn'))"
   ]
  },
  {
   "cell_type": "code",
   "execution_count": null,
   "metadata": {},
   "outputs": [],
   "source": []
  }
 ],
 "metadata": {
  "kernelspec": {
   "display_name": "Python 3",
   "language": "python",
   "name": "python3"
  },
  "language_info": {
   "codemirror_mode": {
    "name": "ipython",
    "version": 3
   },
   "file_extension": ".py",
   "mimetype": "text/x-python",
   "name": "python",
   "nbconvert_exporter": "python",
   "pygments_lexer": "ipython3",
   "version": "3.7.1"
  }
 },
 "nbformat": 4,
 "nbformat_minor": 2
}
